ID,種類,地域,市区町村コード,都道府県名,市区町村名,地区名,最寄駅：名称,最寄駅：距離（分）,間取り,面積（㎡）,土地の形状,間口,延床面積（㎡）,建築年,建物の構造,用途,今後の利用目的,前面道路：方位,前面道路：種類,前面道路：幅員（ｍ）,都市計画,建ぺい率（％）,容積率（％）,取引時点,改装,取引の事情等,取引価格（総額）_log
39003465,中古マンション等,,39201,高知県,高知市,本町,高知,15,１ＬＤＫ,55,,,,平成25年,ＲＣ,,,,,,商業地域,80.0,600.0,2017年第4四半期,改装済,,7.361727836017593
39025541,中古マンション等,,39201,高知県,高知市,北本町,高知,7,３ＬＤＫ,80,,,,平成20年,ＲＣ,住宅,,,,,近隣商業地域,80.0,300.0,2009年第2四半期,未改装,,7.230448921378274
39000660,中古マンション等,,39201,高知県,高知市,一宮東町,土佐一宮,18,３ＬＤＫ,70,,,,平成14年,ＳＲＣ,住宅,住宅,,,,準工業地域,60.0,200.0,2020年第2四半期,未改装,,7.146128035678238
39002469,中古マンション等,,39201,高知県,高知市,中宝永町,高知,23,２ＬＤＫ,45,,,,平成2年,ＳＲＣ,住宅,,,,,商業地域,80.0,400.0,2017年第4四半期,,,6.778151250383644
39003517,中古マンション等,,39201,高知県,高知市,丸ノ内,入明,13,３ＬＤＫ,80,,,,,ＲＣ,住宅,住宅,,,,商業地域,80.0,400.0,2019年第1四半期,未改装,,7.301029995663981
39012306,中古マンション等,,39201,高知県,高知市,南ノ丸町,高知,30分?60分,,45,,,,昭和60年,ＳＲＣ,住宅,住宅,,,,工業地域,60.0,200.0,2014年第4四半期,改装済,,6.3979400086720375
39000310,中古マンション等,,39201,高知県,高知市,薊野西町,薊野,5,４ＬＤＫ,95,,,,平成17年,ＳＲＣ,,住宅,,,,第２種住居地域,60.0,200.0,2020年第1四半期,,,7.414973347970818
39017919,中古マンション等,,39201,高知県,高知市,唐人町,菜園場町,5,３ＬＤＫ,85,,,,平成11年,ＲＣ,住宅,住宅,,,,商業地域,80.0,400.0,2015年第4四半期,未改装,,7.2552725051033065
39012819,中古マンション等,,39201,高知県,高知市,鴨部,旭(高知),15,３ＬＤＫ,70,,,,昭和52年,ＳＲＣ,住宅,,,,,第１種住居地域,60.0,200.0,2010年第1四半期,改装済,,6.913813852383717
39022560,中古マンション等,,39201,高知県,高知市,旭町,旭(高知),5,２ＬＤＫ,60,,,,昭和61年,ＳＲＣ,住宅,,,,,近隣商業地域,80.0,300.0,2013年第2四半期,未改装,,6.778151250383644
39001648,中古マンション等,,39201,高知県,高知市,堺町,高知,14,１Ｋ,35,,,,,ＳＲＣ,住宅,住宅,,,,,,,2016年第3四半期,改装済,,6.6020599913279625
39011862,中古マンション等,,39201,高知県,高知市,上町,円行寺口,17,１ＤＫ,20,,,,,ＲＣ,住宅,住宅,,,,,,,2014年第3四半期,未改装,,6.5910646070264995
39002606,中古マンション等,,39201,高知県,高知市,廿代町,高知,12,,40,,,,平成2年,ＳＲＣ,住宅,住宅,,,,商業地域,80.0,400.0,2019年第2四半期,未改装,,6.763427993562937
39015252,中古マンション等,,39201,高知県,高知市,鴨部,高知商業前,20,２ＬＤＫ,60,,,,平成14年,ＳＲＣ,住宅,,,,,第１種中高層住居専用地域,60.0,200.0,2011年第1四半期,未改装,,6.977723605288848
39025515,中古マンション等,,39201,高知県,高知市,上町,円行寺口,15,１ＤＫ,20,,,,平成3年,ＲＣ,住宅,,,,,第１種住居地域,60.0,200.0,2009年第4四半期,未改装,,6.3979400086720375
39013046,中古マンション等,,39201,高知県,高知市,桜井町,高知,11,３ＬＤＫ,75,,,,平成2年,ＳＲＣ,住宅,,,,,商業地域,80.0,400.0,2010年第2四半期,改装済,,7.079181246047625
39011866,中古マンション等,,39201,高知県,高知市,鴨部,旭(高知),19,５ＬＤＫ,85,,,,平成6年,ＲＣ,住宅,住宅,,,,第１種中高層住居専用地域,60.0,200.0,2014年第4四半期,未改装,,7.176091259055681
39028581,中古マンション等,,39201,高知県,高知市,南ノ丸町,高知,30分?60分,１ＤＫ,40,,,,昭和49年,ＳＲＣ,住宅,,,,,工業地域,60.0,200.0,2008年第2四半期,未改装,,6.431363764158987
39025745,中古マンション等,,39201,高知県,高知市,中宝永町,,,３ＬＤＫ,60,,,,,ＳＲＣ,住宅,,,,,,,,2009年第4四半期,未改装,,6.968482948553935
39022958,中古マンション等,,39201,高知県,高知市,北本町,高知,10,４ＬＤＫ,85,,,,平成7年,ＲＣ,住宅,,,,,準工業地域,60.0,200.0,2013年第4四半期,未改装,,7.146128035678238
39000313,中古マンション等,,39201,高知県,高知市,薊野西町,薊野,5,２ＬＤＫ,75,,,,平成17年,ＲＣ,住宅,住宅,,,,第２種住居地域,60.0,200.0,2019年第3四半期,改装済,,7.301029995663981
39001092,中古マンション等,,39201,高知県,高知市,上町,円行寺口,18,,25,,,,平成3年,ＲＣ,,住宅,,,,第１種住居地域,60.0,200.0,2020年第3四半期,,,6.6127838567197355
39019701,中古マンション等,,39201,高知県,高知市,上町,円行寺口,18,１Ｋ,25,,,,平成3年,ＲＣ,住宅,,,,,第１種住居地域,60.0,200.0,2012年第1四半期,未改装,,6.491361693834273
39001198,中古マンション等,,39201,高知県,高知市,鴨部,高知商業前,18,,70,,,,,ＳＲＣ,住宅,住宅,,,,,,,2016年第3四半期,,,6.991226075692495
39025912,中古マンション等,,39201,高知県,高知市,比島町,土佐一宮,13,４ＬＤＫ,75,,,,平成5年,ＳＲＣ,住宅,,,,,第１種住居地域,60.0,200.0,2009年第4四半期,改装済,,7.0
39027855,中古マンション等,,39201,高知県,高知市,鴨部,旭(高知),,４ＬＤＫ,70,,,,平成6年,ＲＣ,住宅,,,,,,,,2008年第4四半期,未改装,,6.8750612633917
39022918,中古マンション等,,39201,高知県,高知市,鴨部,旭(高知),16,４ＬＤＫ,70,,,,昭和52年,ＳＲＣ,住宅,,,,,第１種住居地域,60.0,200.0,2013年第3四半期,未改装,,6.477121254719663
39011875,中古マンション等,,39201,高知県,高知市,鴨部,高知商業前,23,３ＬＤＫ,80,,,,平成14年,ＳＲＣ,住宅,住宅,,,,準工業地域,60.0,200.0,2014年第2四半期,未改装,,7.176091259055681
39011798,中古マンション等,,39201,高知県,高知市,潮新町,高知,28,３ＬＤＫ,70,,,,平成14年,ＳＲＣ,住宅,住宅,,,,商業地域,80.0,400.0,2014年第4四半期,未改装,,7.204119982655925
39013068,中古マンション等,,39201,高知県,高知市,桟橋通,高知,23,４ＬＤＫ,85,,,,平成20年,ＲＣ,住宅,,,,,商業地域,80.0,400.0,2010年第2四半期,未改装,,7.361727836017593
39028052,中古マンション等,,39201,高知県,高知市,桟橋通,高知,30分?60分,４ＬＤＫ,80,,,,平成13年,ＳＲＣ,住宅,,,,,商業地域,80.0,400.0,2007年第2四半期,未改装,,7.079181246047625
39001166,中古マンション等,,39201,高知県,高知市,鴨部,旭(高知),21,４ＬＤＫ＋Ｓ,75,,,,平成6年,ＲＣ,住宅、その他,住宅,,,,準工業地域,60.0,200.0,2018年第2四半期,未改装,,7.0
39019412,中古マンション等,,39201,高知県,高知市,薊野西町,薊野,5,４ＬＤＫ,95,,,,平成17年,ＳＲＣ,住宅,,,,,第２種住居地域,60.0,200.0,2012年第4四半期,未改装,,7.278753600952829
39020631,中古マンション等,,39201,高知県,高知市,南はりまや町,高知,14,１Ｋ,20,,,,平成3年,ＳＲＣ,住宅,,,,,商業地域,80.0,400.0,2012年第4四半期,未改装,,6.342422680822207
39003538,中古マンション等,,39201,高知県,高知市,みづき,円行寺口,28,４ＬＤＫ,95,,,,平成16年,ＳＲＣ,住宅,住宅,,,,第１種住居地域,60.0,200.0,2016年第1四半期,改装済,,7.2552725051033065
39025548,中古マンション等,,39201,高知県,高知市,北本町,高知,5,３ＬＤＫ,65,,,,昭和58年,ＳＲＣ,住宅,,,,,商業地域,80.0,400.0,2009年第1四半期,未改装,,6.8750612633917
39000318,中古マンション等,,39201,高知県,高知市,薊野西町,薊野,5,,95,,,,,,,住宅,,,,第２種住居地域,,,2018年第4四半期,,,7.301029995663981
39001989,中古マンション等,,39201,高知県,高知市,鷹匠町,高知,21,３ＬＤＫ,95,,,,平成16年,ＲＣ,,住宅,,,,商業地域,80.0,400.0,2020年第3四半期,,,7.447158031342219
39003412,中古マンション等,,39201,高知県,高知市,二葉町,知寄町一丁目,2,３ＬＤＫ,70,,,,平成8年,ＳＲＣ,住宅,住宅,,,,準工業地域,60.0,200.0,2016年第3四半期,未改装,,6.7558748556724915
39027892,中古マンション等,,39201,高知県,高知市,北本町,高知,19,４ＬＤＫ,85,,,,平成7年,ＲＣ,住宅,,,,,準工業地域,60.0,200.0,2008年第2四半期,未改装,,7.176091259055681
39001177,中古マンション等,,39201,高知県,高知市,鴨部,旭(高知),15,２ＬＤＫ,70,,,,昭和52年,ＳＲＣ,住宅,,,,,第１種住居地域,60.0,200.0,2016年第4四半期,,,7.079181246047625
39022842,中古マンション等,,39201,高知県,高知市,追手筋,高知,18,３ＬＤＫ,115,,,,昭和55年,ＳＲＣ,住宅,,,,,商業地域,80.0,500.0,2013年第1四半期,未改装,,7.146128035678238
39001563,中古マンション等,,39201,高知県,高知市,神田,旭(高知),30分?60分,,35,,,,昭和54年,鉄骨造,住宅,住宅,,,,第１種中高層住居専用地域,60.0,200.0,2016年第1四半期,未改装,,5.477121254719663
39025934,中古マンション等,,39201,高知県,高知市,升形,入明,20,３ＬＤＫ,70,,,,平成3年,ＲＣ,住宅,,,,,第１種住居地域,60.0,200.0,2009年第2四半期,改装済,,7.204119982655925
39003608,中古マンション等,,39201,高知県,高知市,南はりまや町,高知,14,３ＬＤＫ,75,,,,平成3年,ＳＲＣ,住宅,住宅,,,,商業地域,80.0,400.0,2018年第2四半期,未改装,,6.968482948553935
39003587,中古マンション等,,39201,高知県,高知市,南ノ丸町,高知,30分?60分,１ＬＤＫ,45,,,,昭和49年,ＳＲＣ,住宅,住宅,,,,工業地域,60.0,200.0,2020年第1四半期,未改装,調停・競売等,6.146128035678238
39011851,中古マンション等,,39201,高知県,高知市,葛島,高知,30分?60分,３ＬＤＫ,95,,,,平成15年,ＳＲＣ,住宅,,,,,準工業地域,60.0,200.0,2014年第1四半期,改装済,,7.361727836017593
39012845,中古マンション等,,39201,高知県,高知市,北川添,薊野,12,４ＬＤＫ,85,,,,平成15年,ＲＣ,住宅,,,,,準工業地域,60.0,200.0,2010年第2四半期,未改装,,7.278753600952829
39017616,中古マンション等,,39201,高知県,高知市,北本町,高知,16,２ＬＤＫ,70,,,,平成7年,ＲＣ,住宅,住宅,,,,,,,2015年第4四半期,,,7.113943352306837
39011873,中古マンション等,,39201,高知県,高知市,鴨部,旭(高知),15,３ＬＤＫ,70,,,,,ＳＲＣ,住宅,,,,,,,,2014年第1四半期,未改装,,6.845098040014257
39001304,中古マンション等,,39201,高知県,高知市,九反田,高知,24,１ＬＤＫ,80,,,,,,,住宅,,,,第１種住居地域,60.0,200.0,2018年第3四半期,未改装,,7.447158031342219
39025540,中古マンション等,,39201,高知県,高知市,北本町,高知,7,３ＬＤＫ,80,,,,平成20年,ＲＣ,住宅,,,,,近隣商業地域,80.0,300.0,2009年第3四半期,未改装,,7.301029995663981
39015444,中古マンション等,,39201,高知県,高知市,神田,旭(高知),30分?60分,２ＤＫ,35,,,,昭和59年,鉄骨造,住宅,,,,,第１種中高層住居専用地域,60.0,200.0,2011年第4四半期,未改装,,5.6020599913279625
39025379,中古マンション等,,39201,高知県,高知市,愛宕山,高知,16,４ＬＤＫ,115,,,,,ＲＣ,住宅,,,,,第１種中高層住居専用地域,60.0,200.0,2009年第4四半期,改装済,,7.556302500767287
39003597,中古マンション等,,39201,高知県,高知市,南はりまや町,高知,13,１Ｋ,20,,,,平成3年,ＳＲＣ,,住宅,,,,商業地域,80.0,400.0,2020年第3四半期,,,6.531478917042255
39025544,中古マンション等,,39201,高知県,高知市,北本町,高知,7,３ＬＤＫ,80,,,,平成20年,ＲＣ,住宅,,,,,近隣商業地域,80.0,300.0,2009年第2四半期,,,7.3222192947339195
39000268,中古マンション等,,39201,高知県,高知市,旭町,旭(高知),6,,75,,,,昭和61年,ＳＲＣ,住宅,住宅,,,,近隣商業地域,80.0,200.0,2017年第4四半期,未改装,,7.0
39000161,中古マンション等,,39201,高知県,高知市,朝倉西町,朝倉(ＪＲ),25,４ＬＤＫ,70,,,,平成3年,ＲＣ,,住宅,,,,第１種住居地域,60.0,200.0,2020年第2四半期,,,7.079181246047625
39028332,中古マンション等,,39201,高知県,高知市,針木東町,朝倉(ＪＲ),30分?60分,３ＬＤＫ,80,,,,平成15年,ＳＲＣ,住宅,,,,,準工業地域,60.0,200.0,2007年第3四半期,未改装,,7.301029995663981
39002611,中古マンション等,,39201,高知県,高知市,廿代町,堀詰,9,１Ｒ,20,,,,昭和63年,ＳＲＣ,,住宅,,,,商業地域,80.0,400.0,2018年第2四半期,,,6.690196080028514
39017586,中古マンション等,,39201,高知県,高知市,鴨部,旭(高知),14,３ＬＤＫ,70,,,,,ＳＲＣ,住宅,住宅,,,,,,,2015年第1四半期,未改装,,7.041392685158225
39022938,中古マンション等,,39201,高知県,高知市,北川添,高知,24,３ＬＤＫ,60,,,,平成15年,ＲＣ,住宅,,,,,準工業地域,60.0,200.0,2013年第2四半期,未改装,調停・競売等,7.041392685158225
39001180,中古マンション等,,39201,高知県,高知市,鴨部,旭(高知),14,３ＬＤＫ,70,,,,昭和52年,ＳＲＣ,住宅,住宅,,,,第１種住居地域,60.0,200.0,2016年第3四半期,改装済,,6.903089986991944
39015078,中古マンション等,,39201,高知県,高知市,越前町,円行寺口,6,４ＬＤＫ,75,,,,平成22年,ＲＣ,住宅,,,,,近隣商業地域,80.0,300.0,2011年第1四半期,未改装,,7.491361693834273
39013498,中古マンション等,,39201,高知県,高知市,針木東町,朝倉(ＪＲ),24,３ＬＤＫ,70,,,,昭和59年,ＲＣ,住宅,,,,,第１種中高層住居専用地域,60.0,200.0,2010年第1四半期,改装済,,6.832508912706237
39012149,中古マンション等,,39201,高知県,高知市,針木東町,朝倉(ＪＲ),30分?60分,３ＬＤＫ,80,,,,平成15年,ＳＲＣ,住宅,,,,,準工業地域,60.0,200.0,2014年第1四半期,未改装,,7.079181246047625
39012147,中古マンション等,,39201,高知県,高知市,針木東町,朝倉(ＪＲ),30分?60分,３ＬＤＫ,65,,,,,ＲＣ,住宅,住宅,,,,第１種中高層住居専用地域,60.0,200.0,2014年第4四半期,改装済,,6.763427993562937
39015076,中古マンション等,,39201,高知県,高知市,越前町,円行寺口,6,３ＬＤＫ,75,,,,平成22年,ＲＣ,住宅,,,,,近隣商業地域,80.0,300.0,2011年第2四半期,改装済,,7.491361693834273
39025551,中古マンション等,,39201,高知県,高知市,北本町,,,３ＬＤＫ,95,,,,,ＲＣ,住宅,,,,,,,,2009年第2四半期,未改装,,7.431363764158987
39028633,中古マンション等,,39201,高知県,高知市,六泉寺町,高知,30分?60分,３ＬＤＫ,85,,,,平成10年,ＲＣ,住宅,,,,,第１種住居地域,60.0,200.0,2008年第1四半期,未改装,,7.204119982655925
39028524,中古マンション等,,39201,高知県,高知市,二葉町,高知,30分?60分,３ＬＤＫ,70,,,,昭和49年,ＳＲＣ,住宅,,,,,準工業地域,60.0,200.0,2008年第2四半期,未改装,,6.544068044350276
39025552,中古マンション等,,39201,高知県,高知市,北本町,,,４ＬＤＫ,100,,,,,ＲＣ,住宅,,,,,,,,2009年第1四半期,未改装,,7.380211241711606
39001154,中古マンション等,,39201,高知県,高知市,鴨部,旭(高知),19,２ＬＤＫ,60,,,,平成6年,ＲＣ,住宅,住宅,,,,第１種中高層住居専用地域,60.0,200.0,2019年第4四半期,未改装,,6.903089986991944
39001158,中古マンション等,,39201,高知県,高知市,鴨部,旭(高知),19,４ＬＤＫ,70,,,,平成6年,ＲＣ,住宅,住宅,,,,第１種中高層住居専用地域,60.0,200.0,2019年第1四半期,未改装,,7.0
39000908,中古マンション等,,39201,高知県,高知市,大津,舟戸,4,３ＬＤＫ,75,,,,平成13年,ＲＣ,,住宅,,,,第１種住居地域,60.0,200.0,2020年第2四半期,未改装,,7.204119982655925
39001143,中古マンション等,,39201,高知県,高知市,鴨部,旭(高知),15,２ＬＤＫ,70,,,,昭和52年,ＳＲＣ,住宅,住宅,,,,第１種中高層住居専用地域,60.0,200.0,2020年第3四半期,未改装,,7.113943352306837
39027856,中古マンション等,,39201,高知県,高知市,鴨部,旭(高知),21,２ＬＤＫ,70,,,,平成14年,ＳＲＣ,住宅,,,,,第１種中高層住居専用地域,60.0,200.0,2008年第4四半期,未改装,,7.041392685158225
39000263,中古マンション等,,39201,高知県,高知市,旭町,旭(高知),6,３ＬＤＫ,75,,,,昭和61年,ＳＲＣ,,住宅,,,,近隣商業地域,80.0,200.0,2019年第2四半期,改装済,,7.2552725051033065
39015204,中古マンション等,,39201,高知県,高知市,鴨部,朝倉(ＪＲ),19,４ＬＤＫ,70,,,,平成4年,ＲＣ,住宅,,,,,第２種中高層住居専用地域,60.0,200.0,2011年第4四半期,改装済,,7.041392685158225
39028472,中古マンション等,,39201,高知県,高知市,一ツ橋町,入明,15,３ＬＤＫ,55,,,,平成6年,ＲＣ,住宅,,,,,,,,2007年第3四半期,未改装,,6.778151250383644
39022961,中古マンション等,,39201,高知県,高知市,北本町,高知,6,４ＬＤＫ,75,,,,昭和59年,ＳＲＣ,住宅,,,,,商業地域,80.0,400.0,2013年第2四半期,未改装,,6.763427993562937
39017542,中古マンション等,,39201,高知県,高知市,上町,円行寺口,16,２ＤＫ,45,,,,平成3年,ＲＣ,住宅,住宅,,,,第１種住居地域,60.0,200.0,2015年第3四半期,改装済,,7.113943352306837
39016084,中古マンション等,,39201,高知県,高知市,比島町,高知,13,３ＬＤＫ,70,,,,平成5年,ＳＲＣ,住宅,,,,,第１種住居地域,60.0,200.0,2011年第4四半期,未改装,,7.079181246047625
39027843,中古マンション等,,39201,高知県,高知市,上町,円行寺口,17,１Ｋ,20,,,,平成3年,ＲＣ,住宅,,,,,第１種住居地域,60.0,200.0,2008年第4四半期,改装済,,6.6127838567197355
39000266,中古マンション等,,39201,高知県,高知市,旭町,旭(高知),6,２ＬＤＫ,70,,,,昭和61年,ＳＲＣ,,住宅,,,,近隣商業地域,80.0,200.0,2018年第3四半期,,,7.113943352306837
39002726,中古マンション等,,39201,高知県,高知市,針木東町,朝倉(ＪＲ),30分?60分,３ＬＤＫ,65,,,,昭和59年,ＲＣ,住宅,住宅,,,,第１種中高層住居専用地域,60.0,200.0,2016年第2四半期,未改装,,6.698970004336019
39027642,中古マンション等,,39201,高知県,高知市,薊野西町,薊野,4,４ＬＤＫ,95,,,,平成17年,ＳＲＣ,住宅,,,,,第２種住居地域,60.0,200.0,2007年第4四半期,未改装,,7.342422680822207
39011871,中古マンション等,,39201,高知県,高知市,鴨部,旭(高知),15,２ＬＤＫ,60,,,,昭和52年,ＳＲＣ,住宅,住宅,,,,第２種中高層住居専用地域,60.0,150.0,2014年第2四半期,未改装,,6.778151250383644
39000273,中古マンション等,,39201,高知県,高知市,旭町,旭(高知),6,２ＬＤＫ,75,,,,昭和61年,ＳＲＣ,住宅,住宅,,,,近隣商業地域,80.0,200.0,2016年第2四半期,改装済,,7.204119982655925
39025354,中古マンション等,,39201,高知県,高知市,旭町,旭(高知),6,３ＬＤＫ,75,,,,昭和62年,ＳＲＣ,住宅,,,,,近隣商業地域,80.0,300.0,2009年第1四半期,改装済,,7.176091259055681
39000663,中古マンション等,,39201,高知県,高知市,一宮東町,土佐一宮,16,３ＬＤＫ,70,,,,平成14年,ＳＲＣ,住宅,住宅,,,,準工業地域,60.0,200.0,2019年第2四半期,未改装,,7.146128035678238
39001275,中古マンション等,,39201,高知県,高知市,北本町,高知,6,３ＬＤＫ,65,,,,昭和58年,ＳＲＣ,住宅,住宅,,,,商業地域,,,2019年第1四半期,改装済,,7.230448921378274
39022904,中古マンション等,,39201,高知県,高知市,上町,円行寺口,16,１Ｋ,25,,,,平成3年,ＲＣ,住宅,,,,,第１種住居地域,60.0,200.0,2013年第3四半期,未改装,,5.505149978319906
39000655,中古マンション等,,39201,高知県,高知市,一宮東町,土佐一宮,16,３ＬＤＫ,70,,,,平成14年,ＳＲＣ,,住宅,,,,準工業地域,60.0,200.0,2020年第4四半期,未改装,,7.176091259055681
39013197,中古マンション等,,39201,高知県,高知市,鷹匠町,入明,20,３ＬＤＫ,70,,,,昭和63年,ＳＲＣ,住宅,,,,,商業地域,80.0,400.0,2010年第4四半期,未改装,,7.079181246047625
39018469,中古マンション等,,39201,高知県,高知市,南御座,高知,25,２ＬＤＫ,70,,,,平成14年,ＲＣ,住宅,住宅,,,,,,,2015年第1四半期,,,7.146128035678238
39000315,中古マンション等,,39201,高知県,高知市,薊野西町,薊野,4,２ＬＤＫ,65,,,,平成17年,ＳＲＣ,住宅,住宅,,,,第２種住居地域,60.0,200.0,2019年第1四半期,未改装,,7.176091259055681
39019738,中古マンション等,,39201,高知県,高知市,鴨部,高知商業前,23,３ＬＤＫ,70,,,,平成14年,ＳＲＣ,住宅,,,,,準工業地域,60.0,200.0,2012年第2四半期,未改装,,7.041392685158225
39017563,中古マンション等,,39201,高知県,高知市,鴨部,朝倉(ＪＲ),30分?60分,３ＬＤＫ,80,,,,平成14年,ＳＲＣ,住宅,住宅,,,,準工業地域,60.0,200.0,2015年第1四半期,未改装,,7.113943352306837
39019593,中古マンション等,,39201,高知県,高知市,越前町,円行寺口,6,３ＬＤＫ,65,,,,,ＲＣ,住宅,,,,,,,,2012年第2四半期,未改装,,7.3979400086720375
39017582,中古マンション等,,39201,高知県,高知市,鴨部,旭(高知),15,３ＬＤＫ,70,,,,昭和52年,ＳＲＣ,住宅,住宅,,,,第１種中高層住居専用地域,60.0,200.0,2015年第2四半期,改装済,,6.763427993562937
39023192,中古マンション等,,39201,高知県,高知市,桟橋通,高知,30分?60分,４ＬＤＫ,80,,,,平成13年,ＳＲＣ,住宅,,,,,商業地域,80.0,400.0,2013年第4四半期,改装済,,7.041392685158225
39001494,中古マンション等,,39201,高知県,高知市,神田,旭(高知),2,,30,,,,昭和59年,鉄骨造,,住宅,,,,第１種中高層住居専用地域,60.0,200.0,2019年第1四半期,,,5.929418925714293
39001194,中古マンション等,,39201,高知県,高知市,鴨部,高知商業前,18,,70,,,,,ＳＲＣ,住宅,住宅,,,,,,,2017年第4四半期,改装済,,6.959041392321094
39001170,中古マンション等,,39201,高知県,高知市,鴨部,旭(高知),15,４ＤＫ,70,,,,昭和52年,ＳＲＣ,住宅,住宅,,,,第１種住居地域,60.0,200.0,2017年第4四半期,未改装,,6.681241237375588
39001651,中古マンション等,,39201,高知県,高知市,栄田町,高知,2,３ＬＤＫ,65,,,,平成29年,ＲＣ,,その他,,,,近隣商業地域,80.0,300.0,2020年第4四半期,未改装,,7.447158031342219
39020632,中古マンション等,,39201,高知県,高知市,南はりまや町,高知,13,１Ｋ,20,,,,平成3年,ＳＲＣ,住宅,,,,,商業地域,80.0,400.0,2012年第4四半期,未改装,,6.079181246047625
39028583,中古マンション等,,39201,高知県,高知市,南ノ丸町,高知,30分?60分,１ＬＤＫ,40,,,,昭和49年,ＳＲＣ,住宅,,,,,工業地域,60.0,200.0,2007年第4四半期,改装済,,6.361727836017593
39003246,中古マンション等,,39201,高知県,高知市,比島町,高知,10,３ＬＤＫ,65,,,,平成4年,ＳＲＣ,住宅,住宅,,,,近隣商業地域,80.0,200.0,2017年第3四半期,未改装,,7.176091259055681
39017574,中古マンション等,,39201,高知県,高知市,鴨部,旭(高知),19,,70,,,,,ＳＲＣ,住宅,住宅,,,,第１種住居地域,60.0,200.0,2015年第4四半期,,,6.880813592280791
39028301,中古マンション等,,39201,高知県,高知市,廿代町,高知,11,１Ｋ,20,,,,昭和63年,ＳＲＣ,住宅,,,,,商業地域,80.0,400.0,2007年第4四半期,改装済,,6.6020599913279625
39019442,中古マンション等,,39201,高知県,高知市,愛宕山,高知,16,４ＬＤＫ,85,,,,平成20年,ＲＣ,住宅,,,,,第１種中高層住居専用地域,60.0,200.0,2012年第3四半期,未改装,,7.431363764158987
39015205,中古マンション等,,39201,高知県,高知市,鴨部,朝倉(ＪＲ),30分?60分,３ＬＤＫ,70,,,,平成9年,ＲＣ,住宅,,,,,準工業地域,60.0,200.0,2011年第3四半期,改装済,調停・競売等,6.8512583487190755
39028329,中古マンション等,,39201,高知県,高知市,針木東町,朝倉(ＪＲ),30分?60分,３ＬＤＫ,80,,,,平成15年,ＳＲＣ,住宅,,,,,準工業地域,60.0,200.0,2007年第3四半期,改装済,,7.2552725051033065
39025542,中古マンション等,,39201,高知県,高知市,北本町,高知,6,４ＬＤＫ,65,,,,昭和58年,ＳＲＣ,住宅,,,,,商業地域,80.0,400.0,2009年第2四半期,未改装,,7.0
39003537,中古マンション等,,39201,高知県,高知市,みづき,円行寺口,28,２ＬＤＫ,65,,,,平成16年,ＳＲＣ,住宅,住宅,,,,,,,2016年第1四半期,,,7.0
39003588,中古マンション等,,39201,高知県,高知市,南ノ丸町,高知,30分?60分,オープンフロア,105,,,,,ＳＲＣ,事務所,事務所,,,,工業地域,60.0,200.0,2017年第4四半期,未改装,,6.518513939877887
39001172,中古マンション等,,39201,高知県,高知市,鴨部,旭(高知),19,４ＬＤＫ,70,,,,平成6年,ＲＣ,住宅,住宅,,,,第１種中高層住居専用地域,60.0,200.0,2017年第2四半期,未改装,,7.0
39000274,中古マンション等,,39201,高知県,高知市,旭町,旭(高知),6,３ＬＤＫ,70,,,,昭和61年,ＳＲＣ,住宅,住宅,,,,近隣商業地域,80.0,200.0,2016年第2四半期,改装済,,7.079181246047625
39014763,中古マンション等,,39201,高知県,高知市,旭町,旭(高知),7,３ＬＤＫ,70,,,,昭和61年,ＳＲＣ,住宅,,,,,近隣商業地域,80.0,300.0,2011年第2四半期,未改装,,7.079181246047625
39011881,中古マンション等,,39201,高知県,高知市,北川添,高知,24,４ＬＤＫ,70,,,,平成15年,ＲＣ,住宅,,,,,準工業地域,60.0,200.0,2014年第3四半期,,,7.079181246047625
39012128,中古マンション等,,39201,高知県,高知市,廿代町,高知,12,２ＤＫ,40,,,,平成2年,ＳＲＣ,住宅,,,,,商業地域,80.0,400.0,2014年第1四半期,改装済,,6.8750612633917
39025347,中古マンション等,,39201,高知県,高知市,朝倉西町,朝倉(ＪＲ),25,４ＬＤＫ,70,,,,平成3年,ＲＣ,住宅、店舗、その他,,,,,第１種住居地域,60.0,200.0,2009年第3四半期,未改装,調停・競売等,6.903089986991944
39015877,中古マンション等,,39201,高知県,高知市,廿代町,高知,13,１Ｋ,20,,,,平成2年,ＳＲＣ,住宅,,,,,商業地域,80.0,400.0,2011年第2四半期,改装済,,6.544068044350276
39028302,中古マンション等,,39201,高知県,高知市,廿代町,高知,11,１Ｋ,20,,,,平成2年,ＳＲＣ,住宅,,,,,商業地域,80.0,400.0,2007年第4四半期,未改装,,6.477121254719663
39028585,中古マンション等,,39201,高知県,高知市,南はりまや町,高知,14,１Ｋ,20,,,,平成3年,ＳＲＣ,住宅,,,,,商業地域,80.0,400.0,2008年第3四半期,未改装,,6.301029995663981
39002725,中古マンション等,,39201,高知県,高知市,針木東町,朝倉(ＪＲ),30分?60分,３ＬＤＫ,80,,,,平成14年,ＳＲＣ,住宅,住宅,,,,準工業地域,60.0,200.0,2016年第2四半期,改装済,,7.176091259055681
39027852,中古マンション等,,39201,高知県,高知市,鴨部,朝倉(ＪＲ),28,３ＬＤＫ,70,,,,昭和52年,ＳＲＣ,住宅,,,,,第１種住居地域,60.0,200.0,2008年第3四半期,未改装,,6.518513939877887
39001185,中古マンション等,,39201,高知県,高知市,鴨部,旭(高知),14,３ＬＤＫ,70,,,,昭和52年,ＳＲＣ,住宅,住宅,,,,第１種住居地域,60.0,200.0,2016年第2四半期,改装済,,6.812913356642856
39019960,中古マンション等,,39201,高知県,高知市,桜馬場,入明,11,１ＤＫ,20,,,,平成4年,ＳＲＣ,住宅,,,,,近隣商業地域,80.0,300.0,2012年第2四半期,未改装,,6.447158031342219
39028580,中古マンション等,,39201,高知県,高知市,南ノ丸町,高知,30分?60分,３ＤＫ,50,,,,昭和49年,ＳＲＣ,住宅,,,,,工業地域,60.0,200.0,2008年第4四半期,未改装,,6.653212513775344
39027637,中古マンション等,,39201,高知県,高知市,薊野西町,薊野,5,３ＬＤＫ,75,,,,平成17年,ＲＣ,住宅,,,,,第２種住居地域,60.0,200.0,2008年第2四半期,未改装,調停・競売等,7.113943352306837
39016085,中古マンション等,,39201,高知県,高知市,比島町,高知,10,２ＬＤＫ,55,,,,平成4年,ＳＲＣ,住宅,,,,,近隣商業地域,80.0,300.0,2011年第4四半期,未改装,,6.991226075692495
39001730,中古マンション等,,39201,高知県,高知市,桟橋通,桟橋通五丁目,7,３ＬＤＫ,65,,,,平成13年,ＳＲＣ,住宅,住宅,,,,商業地域,80.0,400.0,2019年第1四半期,改装済,,7.079181246047625
39016095,中古マンション等,,39201,高知県,高知市,比島町,土佐一宮,13,３ＬＤＫ,70,,,,平成5年,ＳＲＣ,住宅,,,,,第１種住居地域,60.0,200.0,2011年第1四半期,未改装,,7.079181246047625
39013441,中古マンション等,,39201,高知県,高知市,廿代町,高知,14,１Ｋ,20,,,,昭和63年,ＳＲＣ,住宅,,,,,商業地域,80.0,400.0,2010年第2四半期,未改装,,6.431363764158987
39017763,中古マンション等,,39201,高知県,高知市,相模町,高知,19,４ＬＤＫ,85,,,,平成15年,ＲＣ,住宅,住宅,,,,第１種中高層住居専用地域,60.0,200.0,2015年第2四半期,改装済,,7.380211241711606
39015213,中古マンション等,,39201,高知県,高知市,鴨部,旭(高知),15,３ＬＤＫ,70,,,,昭和52年,ＳＲＣ,住宅,,,,,第１種住居地域,60.0,200.0,2011年第2四半期,改装済,,6.477121254719663
39001992,中古マンション等,,39201,高知県,高知市,鷹匠町,高知,26,３ＬＤＫ,95,,,,平成16年,ＲＣ,,住宅,,,,商業地域,80.0,400.0,2020年第1四半期,未改装,,7.477121254719663
39017482,中古マンション等,,39201,高知県,高知市,小津町,入明,6,４ＬＤＫ,80,,,,平成25年,ＲＣ,住宅,住宅,,,,第１種住居地域,60.0,200.0,2015年第3四半期,未改装,,7.447158031342219
39013632,中古マンション等,,39201,高知県,高知市,比島町,高知,13,３ＬＤＫ,65,,,,平成5年,ＳＲＣ,住宅,,,,,第１種住居地域,60.0,200.0,2010年第1四半期,未改装,,7.041392685158225
39022934,中古マンション等,,39201,高知県,高知市,鴨部,高知商業前,23,３ＬＤＫ,75,,,,平成14年,ＳＲＣ,住宅,,,,,準工業地域,60.0,200.0,2013年第2四半期,未改装,,7.0
39011973,中古マンション等,,39201,高知県,高知市,桜馬場,入明,11,３Ｋ,40,,,,平成4年,ＳＲＣ,住宅,,,,,近隣商業地域,80.0,300.0,2014年第1四半期,未改装,,6.892094602690481
39028544,中古マンション等,,39201,高知県,高知市,升形,入明,16,１ＬＤＫ,50,,,,平成2年,ＳＲＣ,住宅,,,,,商業地域,80.0,500.0,2008年第3四半期,未改装,,6.944482672150168
39001269,中古マンション等,,39201,高知県,高知市,北本町,高知,15,４ＬＤＫ,70,,,,,ＲＣ,,住宅,,,,準工業地域,60.0,200.0,2020年第3四半期,,,6.041392685158225
39019351,中古マンション等,,39201,高知県,高知市,朝倉西町,朝倉(ＪＲ),25,４ＬＤＫ,70,,,,平成3年,ＲＣ,住宅,,,,,第１種住居地域,60.0,200.0,2012年第4四半期,未改装,,6.857332496431268
39025911,中古マンション等,,39201,高知県,高知市,比島町,高知,13,３ＬＤＫ,65,,,,平成5年,ＳＲＣ,住宅,,,,,第１種住居地域,60.0,200.0,2009年第1四半期,,,7.0
39003579,中古マンション等,,39201,高知県,高知市,南御座,高知,25,,70,,,,,ＲＣ,住宅,住宅,,,,,,,2016年第3四半期,,,7.176091259055681
39002608,中古マンション等,,39201,高知県,高知市,廿代町,高知,13,１ＤＫ,20,,,,,ＳＲＣ,住宅,その他,,,,商業地域,80.0,400.0,2017年第4四半期,未改装,,6.301029995663981
39025355,中古マンション等,,39201,高知県,高知市,旭町,旭駅前通,2,１ＬＤＫ,60,,,,昭和61年,ＳＲＣ,住宅,,,,,近隣商業地域,80.0,300.0,2009年第4四半期,改装済,,6.903089986991944
39015810,中古マンション等,,39201,高知県,高知市,縄手町,旭(高知),9,３ＬＤＫ,80,,,,平成19年,ＲＣ,住宅,,,,,第１種中高層住居専用地域,60.0,200.0,2011年第1四半期,未改装,調停・競売等,7.176091259055681
39025545,中古マンション等,,39201,高知県,高知市,北本町,高知,7,３ＬＤＫ,80,,,,平成20年,ＲＣ,住宅,,,,,近隣商業地域,80.0,300.0,2009年第2四半期,未改装,,7.342422680822207
39000412,中古マンション等,,39201,高知県,高知市,愛宕山,高知,16,３ＬＤＫ,80,,,,平成20年,ＲＣ,住宅,住宅,,,,第１種中高層住居専用地域,60.0,200.0,2020年第2四半期,未改装,,7.477121254719663
39003702,中古マンション等,,39201,高知県,高知市,横浜,高知,1H?1H30,３ＬＤＫ,70,,,,平成14年,ＲＣ,住宅,住宅,,,,工業地域,60.0,200.0,2020年第2四半期,未改装,,7.2552725051033065
39012307,中古マンション等,,39201,高知県,高知市,南ノ丸町,高知,30分?60分,オープンフロア,480,,,,,ＳＲＣ,事務所,,,,,,,,2014年第3四半期,未改装,調停・競売等,5.278753600952829
39027766,中古マンション等,,39201,高知県,高知市,大谷公園町,朝倉(ＪＲ),25,４ＬＤＫ,70,,,,平成8年,ＲＣ,住宅,,,,,第１種中高層住居専用地域,60.0,200.0,2008年第1四半期,未改装,,6.968482948553935
39000956,中古マンション等,,39201,高知県,高知市,小津町,入明,5,２ＤＫ,60,,,,平成25年,,,住宅,,,,第１種住居地域,60.0,200.0,2018年第4四半期,未改装,,7.361727836017593
39003250,中古マンション等,,39201,高知県,高知市,比島町,高知,15,３ＬＤＫ,80,,,,平成5年,ＳＲＣ,住宅,住宅,,,,第１種住居地域,60.0,200.0,2017年第1四半期,,,7.176091259055681
39016254,中古マンション等,,39201,高知県,高知市,六泉寺町,高知,30分?60分,３ＬＤＫ,85,,,,平成10年,ＲＣ,住宅,,,,,第１種住居地域,60.0,200.0,2011年第1四半期,未改装,,7.041392685158225
39002721,中古マンション等,,39201,高知県,高知市,針木東町,朝倉(ＪＲ),30分?60分,３ＬＤＫ,80,,,,平成15年,ＳＲＣ,住宅,住宅,,,,準工業地域,60.0,200.0,2017年第4四半期,未改装,,7.176091259055681
39023332,中古マンション等,,39201,高知県,高知市,縄手町,旭(高知),7,２ＬＤＫ,65,,,,平成19年,ＲＣ,住宅,,,,,第１種中高層住居専用地域,60.0,200.0,2013年第2四半期,,,7.146128035678238
39017786,中古マンション等,,39201,高知県,高知市,桟橋通,桟橋通五丁目,6,３ＬＤＫ,65,,,,平成13年,ＳＲＣ,住宅,住宅,,,,,,,2015年第1四半期,,,6.973127853599698
39014718,中古マンション等,,39201,高知県,高知市,朝倉西町,朝倉(ＪＲ),25,４ＬＤＫ,70,,,,平成3年,ＲＣ,住宅,,,,,,,,2011年第1四半期,未改装,,6.8750612633917
39003252,中古マンション等,,39201,高知県,高知市,比島町,高知,15,３ＬＤＫ,65,,,,平成5年,ＳＲＣ,住宅,,,,,第１種住居地域,60.0,200.0,2016年第4四半期,改装済,,7.113943352306837
39025549,中古マンション等,,39201,高知県,高知市,北本町,,,３ＬＤＫ,85,,,,,ＲＣ,住宅,,,,,,,,2009年第2四半期,改装済,,7.278753600952829
39003270,中古マンション等,,39201,高知県,高知市,一ツ橋町,高知,20,３ＬＤＫ,60,,,,平成6年,ＲＣ,住宅,住宅,,,,第２種住居地域,60.0,200.0,2016年第1四半期,未改装,,7.0
39013704,中古マンション等,,39201,高知県,高知市,升形,円行寺口,20,３ＬＤＫ,70,,,,平成3年,ＲＣ,住宅,,,,,第１種住居地域,60.0,200.0,2010年第2四半期,未改装,,7.113943352306837
39003244,中古マンション等,,39201,高知県,高知市,比島町,高知,10,３ＬＤＫ,75,,,,平成4年,ＳＲＣ,住宅,住宅,,,,近隣商業地域,80.0,200.0,2017年第4四半期,改装済,,7.230448921378274
39019383,中古マンション等,,39201,高知県,高知市,旭町,旭(高知),5,４ＬＤＫ,80,,,,昭和62年,ＳＲＣ,住宅,,,,,近隣商業地域,80.0,300.0,2012年第4四半期,未改装,,7.079181246047625
39003544,中古マンション等,,39201,高知県,高知市,南川添,高知,26,３ＬＤＫ,65,,,,平成31年,ＲＣ,,住宅,,,,準工業地域,60.0,200.0,2020年第2四半期,,,7.477121254719663
39025772,中古マンション等,,39201,高知県,高知市,廿代町,高知,12,３ＬＤＫ,70,,,,平成2年,ＳＲＣ,住宅,,,,,商業地域,80.0,400.0,2009年第3四半期,未改装,,7.079181246047625
39003470,中古マンション等,,39201,高知県,高知市,本町,高知,15,２ＬＤＫ,55,,,,平成25年,ＲＣ,住宅,住宅,,,,商業地域,80.0,600.0,2017年第1四半期,未改装,,7.361727836017593
39012525,中古マンション等,,39201,高知県,高知市,愛宕山,入明,22,４ＬＤＫ,85,,,,平成18年,ＲＣ,住宅,,,,,近隣商業地域,80.0,200.0,2010年第4四半期,未改装,,7.491361693834273
39023324,中古マンション等,,39201,高知県,高知市,中宝永町,高知,21,３ＬＤＫ,60,,,,平成2年,ＳＲＣ,住宅,,,,,商業地域,80.0,400.0,2013年第1四半期,改装済,,6.954242509439325
39020626,中古マンション等,,39201,高知県,高知市,南御座,高知,25,４ＬＤＫ,80,,,,平成14年,ＲＣ,住宅,,,,,準工業地域,60.0,200.0,2012年第2四半期,未改装,,7.041392685158225
39003521,中古マンション等,,39201,高知県,高知市,丸ノ内,入明,12,３ＬＤＫ,80,,,,平成17年,ＲＣ,住宅,住宅,,,,商業地域,80.0,400.0,2017年第1四半期,,,7.414973347970818
39000962,中古マンション等,,39201,高知県,高知市,小津町,入明,7,４ＬＤＫ,100,,,,平成27年,ＲＣ,住宅,住宅,,,,近隣商業地域,80.0,300.0,2016年第3四半期,未改装,,7.6020599913279625
39028327,中古マンション等,,39201,高知県,高知市,針木東町,朝倉(ＪＲ),30分?60分,３ＬＤＫ,80,,,,平成15年,ＳＲＣ,住宅,,,,,準工業地域,60.0,200.0,2007年第4四半期,未改装,,7.301029995663981
39011971,中古マンション等,,39201,高知県,高知市,桜馬場,入明,11,２ＬＤＫ,45,,,,平成4年,ＳＲＣ,住宅,住宅,,,,近隣商業地域,80.0,300.0,2014年第4四半期,,,7.041392685158225
39000970,中古マンション等,,39201,高知県,高知市,帯屋町,高知,18,２ＬＤＫ,85,,,,,ＲＣ,住宅,住宅,,,,,,,2017年第2四半期,改装済,,7.531478917042255
39015914,中古マンション等,,39201,高知県,高知市,針木東町,朝倉(ＪＲ),30分?60分,３ＬＤＫ,80,,,,平成15年,ＳＲＣ,住宅,,,,,準工業地域,60.0,200.0,2011年第1四半期,未改装,,7.146128035678238
39002513,中古マンション等,,39201,高知県,高知市,縄手町,旭(高知),8,３ＬＤＫ,75,,,,,,,住宅,,,,,,,2019年第2四半期,,,6.919078092376074
39001691,中古マンション等,,39201,高知県,高知市,桜馬場,円行寺口,9,１Ｋ,20,,,,平成4年,ＳＲＣ,住宅,住宅,,,,近隣商業地域,80.0,300.0,2020年第3四半期,改装済,,6.531478917042255
39001181,中古マンション等,,39201,高知県,高知市,鴨部,旭(高知),14,３ＬＤＫ,70,,,,昭和52年,ＳＲＣ,住宅,その他,,,,第１種住居地域,60.0,200.0,2016年第3四半期,未改装,,6.544068044350276
39012101,中古マンション等,,39201,高知県,高知市,中宝永町,高知,23,２ＬＤＫ,50,,,,平成2年,ＳＲＣ,住宅,住宅,,,,商業地域,80.0,400.0,2014年第2四半期,改装済,,6.9084850188786495
39012285,中古マンション等,,39201,高知県,高知市,升形,円行寺口,21,３ＬＤＫ,70,,,,平成8年,ＲＣ,住宅,住宅,,,,第１種住居地域,60.0,200.0,2014年第3四半期,未改装,,7.146128035678238
39023375,中古マンション等,,39201,高知県,高知市,針木東町,朝倉(ＪＲ),30分?60分,３ＬＤＫ,80,,,,平成15年,ＳＲＣ,住宅,,,,,準工業地域,60.0,200.0,2013年第1四半期,未改装,,7.079181246047625
39015912,中古マンション等,,39201,高知県,高知市,針木東町,朝倉(ＪＲ),30分?60分,３ＬＤＫ,80,,,,平成15年,ＳＲＣ,住宅,,,,,準工業地域,60.0,200.0,2011年第3四半期,未改装,,7.113943352306837
39028579,中古マンション等,,39201,高知県,高知市,南ノ丸町,高知,30分?60分,２ＤＫ,45,,,,昭和49年,ＳＲＣ,住宅,,,,,工業地域,60.0,200.0,2008年第4四半期,未改装,,6.2552725051033065
39017580,中古マンション等,,39201,高知県,高知市,鴨部,旭(高知),21,３ＬＤＫ,70,,,,平成6年,ＲＣ,住宅,住宅,,,,準工業地域,60.0,200.0,2015年第2四半期,未改装,,7.079181246047625
39025903,中古マンション等,,39201,高知県,高知市,比島町,高知,16,３ＬＤＫ,80,,,,平成5年,ＳＲＣ,住宅,,,,,第１種住居地域,60.0,200.0,2009年第4四半期,未改装,,7.113943352306837
39003228,中古マンション等,,39201,高知県,高知市,比島町,高知,15,３ＬＤＫ,70,,,,平成5年,ＳＲＣ,住宅,住宅,,,,第１種住居地域,60.0,200.0,2020年第1四半期,改装済,,7.230448921378274
39023433,中古マンション等,,39201,高知県,高知市,比島町,高知,15,３ＬＤＫ,65,,,,平成5年,ＳＲＣ,住宅,,,,,第１種住居地域,60.0,200.0,2013年第1四半期,改装済,,7.113943352306837
39001144,中古マンション等,,39201,高知県,高知市,鴨部,旭(高知),15,３ＬＤＫ,70,,,,昭和52年,ＳＲＣ,,住宅,,,,第１種中高層住居専用地域,60.0,200.0,2020年第3四半期,未改装,,6.845098040014257
39025539,中古マンション等,,39201,高知県,高知市,北本町,高知,15,２ＬＤＫ,70,,,,平成7年,ＲＣ,住宅,,,,,準工業地域,60.0,200.0,2009年第4四半期,改装済,,7.146128035678238
39014990,中古マンション等,,39201,高知県,高知市,一宮東町,土佐一宮,16,３ＬＤＫ,70,,,,昭和61年,ＲＣ,住宅,,,,,準工業地域,60.0,200.0,2011年第4四半期,改装済,,6.845098040014257
39017529,中古マンション等,,39201,高知県,高知市,上町,旭(高知),24,１ＤＫ,20,,,,平成3年,ＲＣ,住宅,住宅,,,,第１種住居地域,60.0,200.0,2015年第4四半期,未改装,,6.544068044350276
39001302,中古マンション等,,39201,高知県,高知市,九反田,高知,24,１ＤＫ,55,,,,平成19年,ＲＣ,住宅,住宅,,,,第１種住居地域,60.0,200.0,2020年第2四半期,未改装,,7.230448921378274
39003545,中古マンション等,,39201,高知県,高知市,南川添,高知,25,２ＬＤＫ,55,,,,平成31年,,,住宅,,,,準工業地域,60.0,200.0,2019年第4四半期,,,7.3979400086720375
39028330,中古マンション等,,39201,高知県,高知市,針木東町,朝倉(ＪＲ),30分?60分,３ＬＤＫ,80,,,,平成15年,ＳＲＣ,住宅,,,,,準工業地域,60.0,200.0,2007年第3四半期,未改装,,7.301029995663981
39019585,中古マンション等,,39201,高知県,高知市,永国寺町,入明,12,２ＬＤＫ,75,,,,平成16年,ＲＣ,住宅,,,,,第１種住居地域,60.0,200.0,2012年第2四半期,未改装,,7.278753600952829
39015876,中古マンション等,,39201,高知県,高知市,廿代町,高知,11,,25,,,,平成2年,ＳＲＣ,住宅,,,,,商業地域,80.0,500.0,2011年第3四半期,未改装,,6.3222192947339195
39000937,中古マンション等,,39201,高知県,高知市,追手筋,高知,18,３ＬＤＫ,65,,,,昭和55年,ＳＲＣ,,住宅,,,,商業地域,80.0,500.0,2020年第2四半期,,,6.6127838567197355
39012691,中古マンション等,,39201,高知県,高知市,大谷公園町,朝倉(ＪＲ),25,３ＬＤＫ,65,,,,平成8年,ＲＣ,住宅,,,,,第１種中高層住居専用地域,60.0,200.0,2010年第4四半期,未改装,,6.892094602690481
39025366,中古マンション等,,39201,高知県,高知市,薊野西町,薊野,5,４ＬＤＫ,95,,,,平成17年,ＲＣ,住宅,,,,,第２種住居地域,60.0,200.0,2009年第3四半期,未改装,,7.2552725051033065
39019911,中古マンション等,,39201,高知県,高知市,神田,旭(高知),28,２ＤＫ,30,,,,昭和59年,鉄骨造,住宅,,,,,第１種中高層住居専用地域,60.0,200.0,2012年第4四半期,改装済,,6.2552725051033065
39001157,中古マンション等,,39201,高知県,高知市,鴨部,旭(高知),21,２ＬＤＫ,70,,,,昭和52年,ＳＲＣ,住宅,住宅,,,,第１種住居地域,60.0,200.0,2019年第2四半期,改装済,,7.113943352306837
39025547,中古マンション等,,39201,高知県,高知市,北本町,高知,7,４ＬＤＫ,95,,,,平成20年,ＲＣ,住宅,,,,,近隣商業地域,80.0,300.0,2009年第1四半期,,,7.57978359661681
39027644,中古マンション等,,39201,高知県,高知市,薊野西町,薊野,5,４ＬＤＫ,95,,,,平成17年,ＲＣ,住宅,,,,,第２種住居地域,60.0,200.0,2007年第3四半期,未改装,,7.414973347970818
39000909,中古マンション等,,39201,高知県,高知市,大津,舟戸,4,３ＬＤＫ,75,,,,平成13年,ＲＣ,住宅,住宅,,,,第１種住居地域,60.0,200.0,2017年第4四半期,未改装,,7.176091259055681
39000171,中古マンション等,,39201,高知県,高知市,朝倉西町,朝倉(ＪＲ),25,,70,,,,平成3年,ＲＣ,住宅,住宅,,,,第１種住居地域,60.0,200.0,2016年第3四半期,,,7.041392685158225
39016156,中古マンション等,,39201,高知県,高知市,升形,円行寺口,21,３ＬＤＫ,65,,,,平成8年,ＲＣ,住宅,,,,,第１種住居地域,60.0,200.0,2011年第4四半期,改装済,,7.041392685158225
39011870,中古マンション等,,39201,高知県,高知市,鴨部,旭(高知),1,４ＬＤＫ,70,,,,平成6年,ＲＣ,住宅,住宅,,,,準工業地域,60.0,200.0,2014年第2四半期,未改装,,6.929418925714293
39015911,中古マンション等,,39201,高知県,高知市,針木東町,朝倉(ＪＲ),30分?60分,３ＬＤＫ,65,,,,昭和59年,ＲＣ,住宅,,,,,第１種中高層住居専用地域,60.0,200.0,2011年第4四半期,未改装,,6.681241237375588
39028325,中古マンション等,,39201,高知県,高知市,針木東町,朝倉(ＪＲ),30分?60分,４ＬＤＫ,90,,,,平成15年,ＳＲＣ,住宅,,,,,準工業地域,60.0,200.0,2008年第2四半期,未改装,調停・競売等,7.079181246047625
39027889,中古マンション等,,39201,高知県,高知市,北本町,高知,7,４ＬＤＫ,100,,,,平成20年,ＲＣ,住宅,,,,,近隣商業地域,80.0,300.0,2008年第4四半期,,,7.414973347970818
39003573,中古マンション等,,39201,高知県,高知市,南御座,高知,25,３ＬＤＫ,65,,,,平成16年,,,その他,,,,準工業地域,60.0,200.0,2019年第4四半期,未改装,,7.301029995663981
39015068,中古マンション等,,39201,高知県,高知市,越前町,円行寺口,6,２ＬＤＫ,70,,,,平成22年,ＲＣ,住宅,,,,,近隣商業地域,80.0,300.0,2011年第4四半期,改装済,,7.3979400086720375
39002722,中古マンション等,,39201,高知県,高知市,針木東町,朝倉(ＪＲ),30分?60分,４ＬＤＫ,90,,,,平成15年,ＳＲＣ,,住宅,,,,準工業地域,60.0,200.0,2017年第4四半期,未改装,,7.3222192947339195
39017246,中古マンション等,,39201,高知県,高知市,旭町,旭(高知),7,４ＬＤＫ,85,,,,昭和61年,ＳＲＣ,住宅,住宅,,,,近隣商業地域,80.0,300.0,2015年第4四半期,未改装,,7.041392685158225
39025614,中古マンション等,,39201,高知県,高知市,桟橋通,高知,,３ＬＤＫ,85,,,,平成20年,ＲＣ,住宅,,,,,,,,2009年第2四半期,未改装,,7.361727836017593
39020299,中古マンション等,,39201,高知県,高知市,針木東町,朝倉(ＪＲ),30分?60分,１ＬＤＫ,80,,,,平成15年,ＳＲＣ,住宅,,,,,準工業地域,60.0,200.0,2012年第2四半期,改装済,,7.113943352306837
39015073,中古マンション等,,39201,高知県,高知市,越前町,円行寺口,6,３ＬＤＫ,65,,,,平成22年,ＲＣ,住宅,,,,,近隣商業地域,80.0,300.0,2011年第2四半期,未改装,,7.342422680822207
39023538,中古マンション等,,39201,高知県,高知市,横浜,高知,1H?1H30,３ＬＤＫ,70,,,,平成14年,ＲＣ,住宅,,,,,工業地域,60.0,200.0,2013年第4四半期,未改装,,7.079181246047625
39012848,中古マンション等,,39201,高知県,高知市,北川添,高知,30分?60分,４ＬＤＫ,85,,,,平成15年,ＲＣ,住宅,,,,,準工業地域,60.0,200.0,2010年第2四半期,未改装,,7.230448921378274
39015071,中古マンション等,,39201,高知県,高知市,越前町,円行寺口,6,３ＬＤＫ,75,,,,平成22年,ＲＣ,住宅,,,,,近隣商業地域,80.0,300.0,2011年第3四半期,未改装,,7.491361693834273
39001068,中古マンション等,,39201,高知県,高知市,葛島,高知,30分?60分,４ＬＤＫ,95,,,,平成15年,ＳＲＣ,住宅,住宅,,,,準工業地域,60.0,200.0,2016年第3四半期,未改装,,7.2552725051033065
39014679,中古マンション等,,39201,高知県,高知市,朝倉,朝倉(ＪＲ),29,３ＬＤＫ,70,,,,昭和62年,ＲＣ,住宅,,,,,第１種中高層住居専用地域,60.0,200.0,2011年第3四半期,未改装,,6.812913356642856
39019657,中古マンション等,,39201,高知県,高知市,帯屋町,高知,18,２ＬＤＫ,85,,,,平成21年,ＲＣ,住宅,,,,,商業地域,80.0,500.0,2012年第3四半期,改装済,,7.491361693834273
39015066,中古マンション等,,39201,高知県,高知市,永国寺町,入明,12,２ＬＤＫ,80,,,,平成16年,ＲＣ,住宅,,,,,商業地域,80.0,400.0,2011年第2四半期,未改装,,7.230448921378274
39001270,中古マンション等,,39201,高知県,高知市,北本町,高知,14,４ＬＤＫ,75,,,,平成7年,ＲＣ,住宅,,,,,準工業地域,60.0,200.0,2020年第3四半期,未改装,,6.903089986991944
39000798,中古マンション等,,39201,高知県,高知市,大谷公園町,朝倉(ＪＲ),25,１ＬＤＫ,70,,,,平成8年,ＲＣ,住宅,住宅,,,,第１種中高層住居専用地域,60.0,200.0,2017年第4四半期,未改装,,6.778151250383644
39019594,中古マンション等,,39201,高知県,高知市,越前町,円行寺口,30分?60分,２ＬＤＫ,65,,,,,ＲＣ,住宅,,,,,商業地域,80.0,200.0,2012年第1四半期,,,7.361727836017593
39015075,中古マンション等,,39201,高知県,高知市,越前町,円行寺口,6,４ＬＤＫ,75,,,,平成22年,ＲＣ,住宅,,,,,近隣商業地域,80.0,300.0,2011年第2四半期,未改装,,7.491361693834273
39001125,中古マンション等,,39201,高知県,高知市,上町,上町二丁目,4,１Ｋ,20,,,,平成3年,ＲＣ,住宅,住宅,,,,第１種住居地域,60.0,200.0,2016年第2四半期,未改装,,6.4623979978989565
39003254,中古マンション等,,39201,高知県,高知市,比島町,高知,15,３ＬＤＫ,65,,,,平成5年,ＳＲＣ,住宅,住宅,,,,第１種住居地域,60.0,200.0,2016年第2四半期,未改装,,7.041392685158225
39015248,中古マンション等,,39201,高知県,高知市,鴨部,高知商業前,23,２ＬＤＫ,60,,,,平成14年,ＳＲＣ,住宅,,,,,準工業地域,60.0,200.0,2011年第3四半期,改装済,,6.982271233039568
39003496,中古マンション等,,39201,高知県,高知市,升形,入明,20,３ＬＤＫ,75,,,,平成3年,ＲＣ,住宅,住宅,,,,第１種住居地域,60.0,200.0,2016年第3四半期,,,7.146128035678238
39001993,中古マンション等,,39201,高知県,高知市,鷹匠町,高知,21,２ＤＫ,45,,,,昭和63年,ＳＲＣ,,住宅,,,,商業地域,80.0,400.0,2018年第3四半期,,,6.8750612633917
39003242,中古マンション等,,39201,高知県,高知市,比島町,高知,15,３ＬＤＫ,65,,,,,ＳＲＣ,住宅,住宅,,,,第１種住居地域,60.0,200.0,2018年第1四半期,未改装,,6.929418925714293
39011979,中古マンション等,,39201,高知県,高知市,桟橋通,高知,22,３ＬＤＫ,65,,,,昭和59年,ＳＲＣ,住宅,,,,,商業地域,80.0,400.0,2014年第1四半期,未改装,,6.778151250383644
39020079,中古マンション等,,39201,高知県,高知市,鷹匠町,高知,21,４ＬＤＫ,80,,,,昭和63年,ＳＲＣ,住宅,,,,,商業地域,80.0,400.0,2012年第3四半期,未改装,,7.113943352306837
39025380,中古マンション等,,39201,高知県,高知市,愛宕山,高知,16,３ＬＤＫ,85,,,,平成20年,ＲＣ,住宅,,,,,第１種中高層住居専用地域,60.0,200.0,2009年第3四半期,未改装,,7.301029995663981
39027613,中古マンション等,,39201,高知県,高知市,旭町,旭(高知),7,４ＬＤＫ,80,,,,昭和61年,ＳＲＣ,住宅,,,,,近隣商業地域,80.0,300.0,2008年第3四半期,未改装,,7.113943352306837
39001114,中古マンション等,,39201,高知県,高知市,上町,円行寺口,16,１ＤＫ,20,,,,,ＲＣ,,住宅,,,,第１種住居地域,60.0,200.0,2018年第1四半期,未改装,,6.477121254719663
39000416,中古マンション等,,39201,高知県,高知市,愛宕山,高知,16,,75,,,,,ＲＣ,住宅,住宅,,,,第１種中高層住居専用地域,60.0,200.0,2017年第3四半期,未改装,,7.361727836017593
39020634,中古マンション等,,39201,高知県,高知市,南はりまや町,高知,13,１Ｋ,20,,,,平成3年,ＳＲＣ,住宅,,,,,商業地域,80.0,400.0,2012年第2四半期,未改装,調停・競売等,6.342422680822207
39001649,中古マンション等,,39201,高知県,高知市,堺町,高知,14,１Ｋ,35,,,,,ＳＲＣ,住宅,住宅,,,,,,,2016年第2四半期,未改装,,5.903089986991944
39018299,中古マンション等,,39201,高知県,高知市,比島町,高知,14,３ＬＤＫ,60,,,,平成4年,ＳＲＣ,住宅,住宅,,,,,,,2015年第2四半期,,,6.477121254719663
39020472,中古マンション等,,39201,高知県,高知市,比島町,高知,15,３ＬＤＫ,70,,,,平成5年,ＳＲＣ,住宅,,,,,第１種住居地域,60.0,200.0,2012年第3四半期,未改装,,7.079181246047625
39001287,中古マンション等,,39201,高知県,高知市,北本町,高知,5,２ＬＤＫ,65,,,,,ＳＲＣ,住宅,住宅,,,,,,,2017年第2四半期,未改装,,6.886490725172482
39000314,中古マンション等,,39201,高知県,高知市,薊野西町,薊野,5,４ＬＤＫ,95,,,,平成17年,ＳＲＣ,住宅,住宅,,,,第２種住居地域,60.0,200.0,2019年第2四半期,未改装,,7.3979400086720375
39025904,中古マンション等,,39201,高知県,高知市,比島町,高知,10,３ＬＤＫ,75,,,,平成4年,ＳＲＣ,住宅,,,,,近隣商業地域,80.0,200.0,2009年第4四半期,未改装,,6.968482948553935
39015070,中古マンション等,,39201,高知県,高知市,越前町,円行寺口,6,３ＬＤＫ,65,,,,平成22年,ＲＣ,住宅,,,,,近隣商業地域,80.0,300.0,2011年第4四半期,改装済,,7.414973347970818
39028463,中古マンション等,,39201,高知県,高知市,比島町,高知,12,３ＬＤＫ,65,,,,平成5年,ＳＲＣ,住宅,,,,,第１種住居地域,60.0,200.0,2008年第4四半期,改装済,,6.991226075692495
39025546,中古マンション等,,39201,高知県,高知市,北本町,高知,7,３ＬＤＫ,80,,,,平成20年,ＲＣ,住宅,,,,,近隣商業地域,80.0,300.0,2009年第2四半期,未改装,,7.3222192947339195
39028582,中古マンション等,,39201,高知県,高知市,南ノ丸町,高知,30分?60分,３ＤＫ,50,,,,昭和51年,ＳＲＣ,住宅,,,,,工業地域,60.0,200.0,2008年第1四半期,未改装,,6.477121254719663
39015642,中古マンション等,,39201,高知県,高知市,鷹匠町,大橋通,3,２ＤＫ,45,,,,昭和63年,ＳＲＣ,住宅,,,,,商業地域,80.0,400.0,2011年第4四半期,未改装,,6.903089986991944
39011894,中古マンション等,,39201,高知県,高知市,北本町,高知,8,２ＬＤＫ,80,,,,平成21年,ＲＣ,住宅,住宅,,,,,,,2014年第2四半期,,,7.278753600952829
39001660,中古マンション等,,39201,高知県,高知市,相模町,入明,8,２ＬＤＫ,65,,,,平成15年,ＲＣ,住宅,住宅,,,,第１種中高層住居専用地域,60.0,200.0,2018年第2四半期,未改装,,7.278753600952829
39028589,中古マンション等,,39201,高知県,高知市,南はりまや町,高知,14,１Ｋ,15,,,,平成3年,ＳＲＣ,住宅,,,,,商業地域,80.0,400.0,2007年第2四半期,未改装,,6.361727836017593
39028324,中古マンション等,,39201,高知県,高知市,針木東町,朝倉(ＪＲ),30分?60分,３ＬＤＫ,80,,,,平成15年,ＳＲＣ,住宅,,,,,準工業地域,60.0,200.0,2008年第2四半期,未改装,,7.204119982655925
39003238,中古マンション等,,39201,高知県,高知市,比島町,高知,10,２ＬＤＫ,55,,,,平成4年,ＳＲＣ,住宅,住宅,,,,近隣商業地域,80.0,200.0,2018年第3四半期,未改装,,7.079181246047625
39011744,中古マンション等,,39201,高知県,高知市,旭町,旭(高知),6,２ＬＤＫ,65,,,,昭和61年,ＳＲＣ,住宅,住宅,,,,近隣商業地域,80.0,200.0,2014年第3四半期,改装済,,7.079181246047625
39011840,中古マンション等,,39201,高知県,高知市,小津町,入明,9,オープンフロア,25,,,,昭和61年,ＲＣ,事務所,,,,,第１種住居地域,60.0,200.0,2014年第1四半期,未改装,,6.113943352306837
39000411,中古マンション等,,39201,高知県,高知市,愛宕山,高知,25,３ＬＤＫ,85,,,,平成18年,ＲＣ,住宅,住宅,,,,近隣商業地域,80.0,200.0,2020年第2四半期,改装済,,7.414973347970818
39027860,中古マンション等,,39201,高知県,高知市,鴨部,旭(高知),21,２ＬＤＫ,70,,,,平成14年,ＳＲＣ,住宅,,,,,,,,2007年第2四半期,改装済,,7.079181246047625
39003233,中古マンション等,,39201,高知県,高知市,比島町,高知,10,２ＬＤＫ＋Ｓ,65,,,,平成4年,ＳＲＣ,住宅,住宅,,,,近隣商業地域,80.0,200.0,2019年第1四半期,改装済,,7.146128035678238
39020471,中古マンション等,,39201,高知県,高知市,比島町,高知,14,３ＬＤＫ,65,,,,平成5年,ＳＲＣ,住宅,,,,,第１種住居地域,60.0,200.0,2012年第4四半期,未改装,,6.903089986991944
39003578,中古マンション等,,39201,高知県,高知市,南御座,高知,24,３ＬＤＫ＋Ｓ,75,,,,平成16年,ＲＣ,住宅,住宅,,,,準工業地域,60.0,200.0,2016年第4四半期,改装済,,7.278753600952829
39016092,中古マンション等,,39201,高知県,高知市,比島町,高知,14,３ＬＤＫ,65,,,,平成5年,ＳＲＣ,住宅,,,,,第１種住居地域,60.0,200.0,2011年第1四半期,未改装,,7.113943352306837
39017774,中古マンション等,,39201,高知県,高知市,桜馬場,入明,11,１Ｋ,20,,,,平成4年,ＳＲＣ,住宅,住宅,,,,近隣商業地域,80.0,300.0,2015年第1四半期,未改装,,6.3979400086720375
39022525,中古マンション等,,39201,高知県,高知市,朝倉,朝倉(ＪＲ),30分?60分,,60,,,,昭和62年,ＲＣ,住宅,,,,,近隣商業地域,80.0,200.0,2013年第1四半期,改装済,,6.939519252618618
39027970,中古マンション等,,39201,高知県,高知市,神田,旭(高知),30分?60分,２ＤＫ,30,,,,昭和54年,鉄骨造,住宅,,,,,第１種中高層住居専用地域,60.0,200.0,2008年第3四半期,改装済,,7.361727836017593
39017553,中古マンション等,,39201,高知県,高知市,上町,円行寺口,17,１ＤＫ,25,,,,平成3年,ＲＣ,住宅,住宅,,,,第１種住居地域,60.0,200.0,2015年第1四半期,未改装,,6.544068044350276
39023553,中古マンション等,,39201,高知県,高知市,六泉寺町,高知,30分?60分,３ＬＤＫ,85,,,,平成10年,ＲＣ,住宅,,,,,第１種住居地域,60.0,200.0,2013年第3四半期,,,7.2552725051033065
39018480,中古マンション等,,39201,高知県,高知市,南はりまや町,高知,13,１Ｋ,20,,,,,ＳＲＣ,住宅,住宅,,,,商業地域,80.0,400.0,2015年第4四半期,未改装,,6.342422680822207
39015459,中古マンション等,,39201,高知県,高知市,神田,旭(高知),30分?60分,２ＤＫ,35,,,,昭和55年,鉄骨造,住宅,,,,,第１種中高層住居専用地域,60.0,200.0,2011年第1四半期,未改装,,6.146128035678238
39025543,中古マンション等,,39201,高知県,高知市,北本町,高知,,４ＬＤＫ,90,,,,平成7年,ＲＣ,住宅,,,,,,,,2009年第2四半期,未改装,,7.204119982655925
39000259,中古マンション等,,39201,高知県,高知市,旭町,旭(高知),6,３ＬＤＫ,70,,,,昭和61年,ＳＲＣ,,住宅,,,,近隣商業地域,80.0,200.0,2020年第4四半期,改装済,,7.176091259055681
39020078,中古マンション等,,39201,高知県,高知市,鷹匠町,入明,21,３ＬＤＫ,95,,,,平成16年,ＲＣ,住宅,,,,,商業地域,80.0,400.0,2012年第2四半期,,,7.491361693834273
39003467,中古マンション等,,39201,高知県,高知市,本町,高知,26,３ＬＤＫ,75,,,,,ＲＣ,住宅,住宅,,,,,,,2017年第3四半期,,,7.4623979978989565
39019591,中古マンション等,,39201,高知県,高知市,越前町,円行寺口,6,３ＬＤＫ,65,,,,平成22年,ＲＣ,住宅,,,,,近隣商業地域,80.0,300.0,2012年第3四半期,改装済,,7.2552725051033065
39001640,中古マンション等,,39201,高知県,高知市,堺町,高知,13,１Ｋ,30,,,,昭和63年,,,住宅,,,,商業地域,80.0,500.0,2020年第3四半期,,,6.518513939877887
39012792,中古マンション等,,39201,高知県,高知市,上町,円行寺口,16,１Ｋ,25,,,,平成3年,ＲＣ,住宅,,,,,第１種住居地域,60.0,200.0,2010年第4四半期,未改装,,6.544068044350276
39023354,中古マンション等,,39201,高知県,高知市,廿代町,高知,12,１Ｋ,20,,,,平成2年,ＳＲＣ,住宅,,,,,商業地域,80.0,400.0,2013年第4四半期,未改装,,6.477121254719663
39028328,中古マンション等,,39201,高知県,高知市,針木東町,朝倉(ＪＲ),30分?60分,３ＬＤＫ,80,,,,平成15年,ＳＲＣ,住宅,,,,,準工業地域,60.0,200.0,2007年第4四半期,未改装,,7.2552725051033065
39019413,中古マンション等,,39201,高知県,高知市,薊野西町,薊野,5,４ＬＤＫ,95,,,,,ＲＣ,住宅,,,,,第２種住居地域,60.0,200.0,2012年第3四半期,未改装,,7.146128035678238
39027597,中古マンション等,,39201,高知県,高知市,朝倉西町,朝倉(ＪＲ),25,３ＬＤＫ,70,,,,平成3年,ＲＣ,住宅,,,,,第１種住居地域,60.0,200.0,2007年第2四半期,未改装,,7.041392685158225
39012737,中古マンション等,,39201,高知県,高知市,追手筋,入明,12,３ＬＤＫ,65,,,,昭和55年,ＳＲＣ,住宅,,,,,商業地域,80.0,500.0,2010年第2四半期,未改装,,6.8512583487190755
39027808,中古マンション等,,39201,高知県,高知市,小津町,入明,11,１Ｋ,20,,,,昭和61年,ＲＣ,住宅,,,,,第１種住居地域,60.0,200.0,2007年第3四半期,未改装,,6.57978359661681
39001650,中古マンション等,,39201,高知県,高知市,堺町,高知,13,１ＬＤＫ,30,,,,昭和63年,ＳＲＣ,住宅,住宅,,,,商業地域,80.0,500.0,2016年第1四半期,未改装,,6.6020599913279625
39017629,中古マンション等,,39201,高知県,高知市,九反田,高知,22,２ＬＤＫ,55,,,,平成19年,ＲＣ,住宅,住宅,,,,,,,2015年第1四半期,,,7.2552725051033065
39000312,中古マンション等,,39201,高知県,高知市,薊野西町,薊野,5,４ＬＤＫ,95,,,,平成17年,ＳＲＣ,,住宅,,,,第２種住居地域,60.0,200.0,2019年第4四半期,未改装,,7.380211241711606
39023194,中古マンション等,,39201,高知県,高知市,桟橋通,高知,20,４ＬＤＫ,80,,,,平成4年,ＳＲＣ,住宅,,,,,商業地域,80.0,400.0,2013年第4四半期,未改装,,6.832508912706237
39001714,中古マンション等,,39201,高知県,高知市,桟橋通,高知,29,３ＬＤＫ,75,,,,平成14年,ＳＲＣ,住宅,住宅,,,,商業地域,80.0,400.0,2020年第3四半期,未改装,,7.278753600952829
39018379,中古マンション等,,39201,高知県,高知市,二葉町,知寄町一丁目,2,２ＬＤＫ,60,,,,平成8年,ＳＲＣ,住宅,,,,,準工業地域,60.0,200.0,2015年第4四半期,未改装,,6.778151250383644
39001069,中古マンション等,,39201,高知県,高知市,葛島,高知,30分?60分,３ＬＤＫ,75,,,,平成15年,ＳＲＣ,住宅,住宅,,,,準工業地域,60.0,200.0,2016年第2四半期,未改装,,7.146128035678238
39028331,中古マンション等,,39201,高知県,高知市,針木東町,朝倉(ＪＲ),30分?60分,３ＬＤＫ,80,,,,平成15年,ＳＲＣ,住宅,,,,,準工業地域,60.0,200.0,2007年第3四半期,未改装,,7.113943352306837
39001175,中古マンション等,,39201,高知県,高知市,鴨部,旭(高知),15,３ＬＤＫ,70,,,,昭和52年,ＳＲＣ,住宅,住宅,,,,第１種中高層住居専用地域,60.0,200.0,2017年第1四半期,,,6.991226075692495
39001118,中古マンション等,,39201,高知県,高知市,上町,円行寺口,16,,25,,,,平成3年,ＲＣ,住宅,,,,,第１種住居地域,60.0,200.0,2017年第1四半期,,,6.505149978319906
39018531,中古マンション等,,39201,高知県,高知市,吉田町,高知,18,３ＬＤＫ,70,,,,平成14年,ＲＣ,住宅,住宅,,,,第１種中高層住居専用地域,60.0,200.0,2015年第4四半期,未改装,,7.204119982655925
39001156,中古マンション等,,39201,高知県,高知市,鴨部,旭(高知),15,３ＬＤＫ,70,,,,昭和52年,ＳＲＣ,住宅,住宅,,,,第１種中高層住居専用地域,60.0,200.0,2019年第3四半期,改装済,,6.698970004336019
39015065,中古マンション等,,39201,高知県,高知市,永国寺町,入明,12,２ＬＤＫ,75,,,,平成16年,ＲＣ,住宅,,,,,商業地域,80.0,400.0,2011年第3四半期,未改装,,7.301029995663981
39025909,中古マンション等,,39201,高知県,高知市,比島町,高知,14,３ＬＤＫ,70,,,,平成5年,ＳＲＣ,住宅,,,,,第１種住居地域,60.0,200.0,2009年第2四半期,未改装,調停・競売等,6.778151250383644
39028334,中古マンション等,,39201,高知県,高知市,針木東町,朝倉(ＪＲ),30分?60分,３ＬＤＫ,80,,,,平成15年,ＳＲＣ,住宅,,,,,準工業地域,60.0,200.0,2007年第2四半期,未改装,,7.278753600952829
39025550,中古マンション等,,39201,高知県,高知市,北本町,,,３ＬＤＫ,80,,,,,ＲＣ,住宅,,,,,,,,2009年第2四半期,未改装,,7.278753600952829
39003448,中古マンション等,,39201,高知県,高知市,本町,高知,15,３ＬＤＫ,70,,,,平成25年,ＲＣ,,住宅,,,,商業地域,80.0,600.0,2020年第3四半期,,,7.477121254719663
39015220,中古マンション等,,39201,高知県,高知市,鴨部,旭駅前通,12,３ＬＤＫ,70,,,,昭和52年,ＳＲＣ,住宅,,,,,第１種住居地域,60.0,200.0,2011年第4四半期,改装済,,6.748188027006201
39001184,中古マンション等,,39201,高知県,高知市,鴨部,旭(高知),21,３ＬＤＫ,60,,,,平成6年,ＲＣ,住宅,住宅,,,,準工業地域,60.0,200.0,2016年第2四半期,改装済,,7.079181246047625
39023374,中古マンション等,,39201,高知県,高知市,針木東町,朝倉(ＪＲ),30分?60分,３ＬＤＫ,80,,,,平成15年,ＳＲＣ,住宅,,,,,準工業地域,60.0,200.0,2013年第2四半期,改装済,,7.146128035678238
39003500,中古マンション等,,39201,高知県,高知市,升形,高知,28,１ＤＫ,30,,,,,ＳＲＣ,住宅,住宅,,,,,,,2017年第2四半期,未改装,,7.041392685158225
39012844,中古マンション等,,39201,高知県,高知市,北川添,薊野,15,４ＬＤＫ,85,,,,平成15年,ＲＣ,住宅,,,,,準工業地域,60.0,200.0,2010年第2四半期,未改装,,7.301029995663981
39000765,中古マンション等,,39201,高知県,高知市,越前町,円行寺口,6,３ＬＤＫ,65,,,,平成22年,ＲＣ,住宅,住宅,,,,近隣商業地域,80.0,300.0,2016年第3四半期,未改装,,7.2552725051033065
39001124,中古マンション等,,39201,高知県,高知市,上町,上町二丁目,4,１ＬＤＫ,25,,,,平成3年,ＲＣ,住宅,住宅,,,,第１種住居地域,60.0,200.0,2017年第1四半期,改装済,,6.491361693834273
39000057,中古マンション等,,39201,高知県,高知市,朝倉,朝倉(ＪＲ),30分?60分,,70,,,,昭和62年,ＲＣ,住宅,住宅,,,,第１種中高層住居専用地域,60.0,200.0,2020年第1四半期,未改装,,6.892094602690481
39013724,中古マンション等,,39201,高知県,高知市,みづき,円行寺口,28,３ＬＤＫ,75,,,,平成16年,ＳＲＣ,住宅,,,,,第１種住居地域,60.0,200.0,2010年第2四半期,未改装,,7.146128035678238
39025905,中古マンション等,,39201,高知県,高知市,比島町,高知,9,２ＬＤＫ,55,,,,平成4年,ＳＲＣ,住宅,,,,,近隣商業地域,80.0,200.0,2009年第3四半期,未改装,,6.968482948553935
39002514,中古マンション等,,39201,高知県,高知市,縄手町,旭(高知),8,２ＬＤＫ,65,,,,,ＲＣ,住宅,,,,,第１種中高層住居専用地域,60.0,200.0,2018年第2四半期,未改装,,7.230448921378274
39022635,中古マンション等,,39201,高知県,高知市,愛宕山,高知,16,３ＬＤＫ,80,,,,平成20年,ＲＣ,住宅,,,,,第１種中高層住居専用地域,60.0,200.0,2013年第1四半期,改装済,,7.3222192947339195
39028467,中古マンション等,,39201,高知県,高知市,比島町,高知,12,３ＬＤＫ,70,,,,平成5年,ＳＲＣ,住宅,,,,,,60.0,200.0,2008年第1四半期,改装済,,7.079181246047625
39012309,中古マンション等,,39201,高知県,高知市,南ノ丸町,高知,30分?60分,３ＤＫ,50,,,,昭和51年,ＳＲＣ,住宅,住宅,,,,工業地域,60.0,200.0,2014年第3四半期,未改装,,6.518513939877887
39017618,中古マンション等,,39201,高知県,高知市,北本町,高知,16,５ＬＤＫ,85,,,,平成7年,ＲＣ,住宅,住宅,,,,,,,2015年第4四半期,,,7.113943352306837
39002002,中古マンション等,,39201,高知県,高知市,高須,高知,30分?60分,３ＬＤＫ,80,,,,平成16年,ＳＲＣ,,住宅,,,,準工業地域,60.0,200.0,2017年第3四半期,未改装,,7.204119982655925
39028017,中古マンション等,,39201,高知県,高知市,相模町,入明,8,３ＬＤＫ,70,,,,平成15年,ＲＣ,住宅,,,,,第１種中高層住居専用地域,60.0,200.0,2007年第3四半期,未改装,,7.361727836017593
39002462,中古マンション等,,39201,高知県,高知市,中宝永町,高知,23,１Ｒ,60,,,,,ＳＲＣ,,住宅,,,,商業地域,80.0,400.0,2020年第3四半期,未改装,,6.812913356642856
39027643,中古マンション等,,39201,高知県,高知市,薊野西町,薊野,5,４ＬＤＫ,95,,,,平成17年,ＳＲＣ,住宅,,,,,第２種住居地域,60.0,200.0,2007年第4四半期,未改装,,7.3222192947339195
39012129,中古マンション等,,39201,高知県,高知市,廿代町,堀詰,9,２ＤＫ,45,,,,昭和63年,ＳＲＣ,住宅,住宅,,,,商業地域,80.0,400.0,2014年第4四半期,,,6.929418925714293
39001276,中古マンション等,,39201,高知県,高知市,北本町,高知,5,,370,,,,,,,事務所,,,,近隣商業地域,,,2018年第4四半期,,,7.845098040014257
39022783,中古マンション等,,39201,高知県,高知市,大谷公園町,朝倉(ＪＲ),25,４ＬＤＫ,90,,,,平成8年,ＲＣ,住宅,,,,,第１種中高層住居専用地域,60.0,200.0,2013年第2四半期,未改装,,6.954242509439325
39001147,中古マンション等,,39201,高知県,高知市,鴨部,旭(高知),15,３ＬＤＫ,70,,,,昭和52年,ＳＲＣ,住宅,,,,,第１種中高層住居専用地域,60.0,200.0,2020年第2四半期,未改装,,6.778151250383644
39014823,中古マンション等,,39201,高知県,高知市,薊野西町,薊野,5,２ＬＤＫ,60,,,,平成17年,ＳＲＣ,住宅,,,,,第２種住居地域,60.0,200.0,2011年第1四半期,未改装,,7.2552725051033065
39019586,中古マンション等,,39201,高知県,高知市,永国寺町,入明,15,２ＬＤＫ,75,,,,平成16年,ＲＣ,住宅,,,,,第１種住居地域,60.0,200.0,2012年第1四半期,未改装,,7.230448921378274
39015640,中古マンション等,,39201,高知県,高知市,鷹匠町,入明,20,３ＬＤＫ,110,,,,平成18年,ＲＣ,住宅,,,,,第１種住居地域,60.0,200.0,2011年第4四半期,改装済,,7.278753600952829
39003760,中古マンション等,,39201,高知県,高知市,六泉寺町,高知,30分?60分,５ＬＤＫ,155,,,,平成10年,ＲＣ,,住宅,,,,第１種住居地域,60.0,200.0,2019年第3四半期,未改装,,7.3222192947339195
39025403,中古マンション等,,39201,高知県,高知市,一宮東町,土佐一宮,17,２ＬＤＫ,65,,,,平成14年,ＳＲＣ,住宅,,,,,第１種住居地域,60.0,200.0,2009年第3四半期,改装済,,7.0
39012528,中古マンション等,,39201,高知県,高知市,愛宕山,,,２ＬＤＫ,70,,,,,ＲＣ,住宅,,,,,,,,2010年第2四半期,,,7.2552725051033065
39003515,中古マンション等,,39201,高知県,高知市,丸ノ内,入明,12,２ＬＤＫ,80,,,,平成17年,ＲＣ,住宅,住宅,,,,商業地域,80.0,400.0,2020年第4四半期,未改装,,7.3979400086720375
39027834,中古マンション等,,39201,高知県,高知市,葛島,高知,30分?60分,４ＬＤＫ,90,,,,平成13年,ＲＣ,住宅,,,,,近隣商業地域,80.0,200.0,2007年第4四半期,未改装,,7.176091259055681
39028632,中古マンション等,,39201,高知県,高知市,六泉寺町,高知,30分?60分,３ＬＤＫ,75,,,,平成10年,ＲＣ,住宅,,,,,第１種住居地域,60.0,200.0,2008年第2四半期,改装済,,7.146128035678238
39017881,中古マンション等,,39201,高知県,高知市,鷹匠町,高知,27,２ＬＤＫ,95,,,,平成16年,ＲＣ,住宅,住宅,,,,商業地域,80.0,400.0,2015年第3四半期,未改装,,7.477121254719663
39023438,中古マンション等,,39201,高知県,高知市,一ツ橋町,入明,15,２ＤＫ,55,,,,平成6年,ＲＣ,住宅,,,,,第２種住居地域,60.0,200.0,2013年第1四半期,,,6.892094602690481
39013757,中古マンション等,,39201,高知県,高知市,南御座,高知,26,４ＬＤＫ,90,,,,平成16年,ＲＣ,住宅,,,,,準工業地域,60.0,200.0,2010年第1四半期,未改装,,7.204119982655925
39001688,中古マンション等,,39201,高知県,高知市,桜馬場,入明,11,１Ｋ,20,,,,平成4年,ＳＲＣ,,住宅,,,,近隣商業地域,80.0,300.0,2018年第4四半期,改装済,,6.477121254719663
39003411,中古マンション等,,39201,高知県,高知市,二葉町,知寄町一丁目,2,１ＬＤＫ,30,,,,平成8年,ＳＲＣ,,住宅,,,,準工業地域,60.0,200.0,2020年第3四半期,,,6.477121254719663
39025954,中古マンション等,,39201,高知県,高知市,南ノ丸町,高知,30分?60分,２ＬＤＫ,40,,,,昭和49年,ＳＲＣ,住宅,,,,,工業地域,60.0,200.0,2009年第3四半期,未改装,,6.2552725051033065
39027898,中古マンション等,,39201,高知県,高知市,北本町,夜須,4,２ＬＤＫ,55,,,,昭和58年,ＳＲＣ,住宅,,,,,商業地域,80.0,400.0,2007年第4四半期,改装済,,6.954242509439325
39001990,中古マンション等,,39201,高知県,高知市,鷹匠町,高知,21,３ＬＤＫ,60,,,,昭和63年,ＳＲＣ,住宅,住宅,,,,商業地域,80.0,400.0,2020年第2四半期,改装済,,6.991226075692495
39001656,中古マンション等,,39201,高知県,高知市,栄田町,高知,2,,60,,,,平成29年,ＲＣ,,その他,,,,近隣商業地域,80.0,300.0,2018年第1四半期,,,7.3979400086720375
39018426,中古マンション等,,39201,高知県,高知市,升形,高知,26,１ＤＫ,20,,,,,ＳＲＣ,住宅,,,,,商業地域,80.0,400.0,2015年第4四半期,未改装,,6.5910646070264995
39003256,中古マンション等,,39201,高知県,高知市,比島町,高知,15,４ＬＤＫ,75,,,,平成5年,ＳＲＣ,住宅,,,,,第１種住居地域,60.0,200.0,2016年第1四半期,改装済,,7.204119982655925
39019982,中古マンション等,,39201,高知県,高知市,桟橋通,高知,30分?60分,３ＬＤＫ,65,,,,平成13年,ＳＲＣ,住宅,,,,,商業地域,80.0,400.0,2012年第2四半期,改装済,,6.954242509439325
39001173,中古マンション等,,39201,高知県,高知市,鴨部,旭(高知),14,３ＬＤＫ,70,,,,昭和52年,ＳＲＣ,住宅,住宅,,,,第１種住居地域,60.0,200.0,2017年第2四半期,改装済,,6.903089986991944
39023431,中古マンション等,,39201,高知県,高知市,比島町,高知,15,３ＬＤＫ,65,,,,平成5年,ＳＲＣ,住宅,,,,,第１種住居地域,60.0,200.0,2013年第4四半期,改装済,,7.113943352306837
39017621,中古マンション等,,39201,高知県,高知市,北本町,高知,6,３ＬＤＫ,105,,,,平成21年,ＲＣ,住宅,住宅,,,,近隣商業地域,80.0,300.0,2015年第1四半期,未改装,,7.477121254719663
39027767,中古マンション等,,39201,高知県,高知市,大谷公園町,朝倉(ＪＲ),25,４ＬＤＫ,70,,,,平成8年,ＲＣ,住宅,,,,,第１種中高層住居専用地域,60.0,200.0,2008年第1四半期,未改装,,7.0
39001123,中古マンション等,,39201,高知県,高知市,上町,円行寺口,16,１Ｋ,20,,,,,ＲＣ,住宅,住宅,,,,第１種住居地域,60.0,200.0,2016年第1四半期,未改装,,6.3222192947339195
39002723,中古マンション等,,39201,高知県,高知市,針木東町,朝倉(ＪＲ),30分?60分,３ＬＤＫ,80,,,,平成15年,ＳＲＣ,住宅,住宅,,,,準工業地域,60.0,200.0,2017年第1四半期,未改装,,7.204119982655925
39027998,中古マンション等,,39201,高知県,高知市,神田,,,２ＤＫ,30,,,,,鉄骨造,住宅,,,,,,,,2007年第3四半期,改装済,,6.301029995663981
39019385,中古マンション等,,39201,高知県,高知市,旭町,旭(高知),7,４ＬＤＫ,80,,,,,ＳＲＣ,住宅,,,,,第１種住居地域,60.0,200.0,2012年第1四半期,未改装,,6.991226075692495
39027645,中古マンション等,,39201,高知県,高知市,薊野西町,薊野,5,４ＬＤＫ,95,,,,平成16年,ＳＲＣ,住宅,,,,,第２種住居地域,60.0,200.0,2007年第3四半期,未改装,,7.380211241711606
39001095,中古マンション等,,39201,高知県,高知市,上町,円行寺口,18,１Ｋ,20,,,,平成3年,ＲＣ,住宅,住宅,,,,第１種住居地域,60.0,200.0,2020年第2四半期,未改装,,6.57978359661681
39001159,中古マンション等,,39201,高知県,高知市,鴨部,旭(高知),21,３ＬＤＫ,70,,,,昭和52年,ＳＲＣ,住宅,住宅,,,,第１種住居地域,60.0,200.0,2019年第1四半期,改装済,,7.146128035678238
39027612,中古マンション等,,39201,高知県,高知市,旭町,旭(高知),7,３ＬＤＫ,70,,,,昭和61年,ＳＲＣ,住宅,,,,,近隣商業地域,80.0,300.0,2008年第3四半期,改装済,,7.079181246047625
39003493,中古マンション等,,39201,高知県,高知市,升形,入明,20,,65,,,,平成3年,ＲＣ,住宅,住宅,,,,第１種住居地域,60.0,200.0,2017年第2四半期,未改装,,7.0
39019962,中古マンション等,,39201,高知県,高知市,桜馬場,入明,11,１ＤＫ,20,,,,平成4年,ＳＲＣ,住宅,,,,,近隣商業地域,80.0,300.0,2012年第1四半期,改装済,,6.505149978319906
39000910,中古マンション等,,39201,高知県,高知市,大津,舟戸,4,３ＬＤＫ,75,,,,平成13年,ＲＣ,,,,,,第１種住居地域,60.0,200.0,2017年第4四半期,改装済,,7.176091259055681
39012773,中古マンション等,,39201,高知県,高知市,葛島,高知,30分?60分,３ＬＤＫ,75,,,,平成15年,ＳＲＣ,住宅,,,,,準工業地域,60.0,200.0,2010年第2四半期,,,7.146128035678238
39011972,中古マンション等,,39201,高知県,高知市,桜馬場,入明,11,２ＤＫ,40,,,,平成4年,ＳＲＣ,住宅,住宅,,,,近隣商業地域,80.0,300.0,2014年第3四半期,未改装,,6.724275869600789
39011834,中古マンション等,,39201,高知県,高知市,追手筋,高知,18,,310,,,,昭和55年,ＳＲＣ,その他,,,,,商業地域,80.0,500.0,2014年第4四半期,,,7.176091259055681
39017474,中古マンション等,,39201,高知県,高知市,追手筋,高知,18,３ＬＤＫ,65,,,,昭和55年,ＳＲＣ,住宅,住宅,,,,商業地域,80.0,500.0,2015年第2四半期,,,6.799340549453582
39013756,中古マンション等,,39201,高知県,高知市,南御座,高知,24,２ＬＤＫ,55,,,,平成16年,ＲＣ,住宅,,,,,準工業地域,60.0,200.0,2010年第2四半期,未改装,,7.113943352306837
39000957,中古マンション等,,39201,高知県,高知市,小津町,入明,5,２ＬＤＫ＋Ｓ,60,,,,平成25年,ＲＣ,住宅,住宅,,,,第１種住居地域,60.0,200.0,2017年第2四半期,未改装,,7.301029995663981
39000958,中古マンション等,,39201,高知県,高知市,小津町,入明,6,２ＬＤＫ,60,,,,,ＲＣ,住宅,住宅,,,,,,,2017年第2四半期,未改装,,7.2552725051033065
39003490,中古マンション等,,39201,高知県,高知市,升形,入明,18,３ＤＫ,50,,,,平成2年,,,住宅,,,,商業地域,,,2020年第1四半期,改装済,,7.146128035678238
39012802,中古マンション等,,39201,高知県,高知市,上町,,,１ＤＫ,25,,,,平成3年,ＲＣ,住宅,,,,,,,,2010年第3四半期,改装済,,6.57978359661681
39028244,中古マンション等,,39201,高知県,高知市,中宝永町,高知,23,３ＬＤＫ,55,,,,平成2年,ＳＲＣ,住宅,,,,,商業地域,80.0,400.0,2008年第1四半期,未改装,,7.041392685158225
39019956,中古マンション等,,39201,高知県,高知市,桜井町,高知,13,３ＬＤＫ,65,,,,平成2年,ＳＲＣ,住宅,,,,,近隣商業地域,80.0,300.0,2012年第4四半期,未改装,,6.986771734266245
39027859,中古マンション等,,39201,高知県,高知市,鴨部,旭(高知),21,５ＬＤＫ,85,,,,平成6年,ＲＣ,住宅,,,,,準工業地域,60.0,200.0,2007年第2四半期,未改装,,7.079181246047625
39003751,中古マンション等,,39201,高知県,高知市,吉田町,高知,18,３ＬＤＫ,85,,,,平成14年,ＲＣ,住宅,住宅,,,,第１種中高層住居専用地域,60.0,200.0,2017年第1四半期,未改装,,7.380211241711606
39019731,中古マンション等,,39201,高知県,高知市,鴨部,旭(高知),16,３ＬＤＫ,70,,,,昭和52年,ＳＲＣ,住宅,,,,,第１種住居地域,60.0,200.0,2012年第2四半期,改装済,,6.913813852383717
39028029,中古マンション等,,39201,高知県,高知市,桜馬場,円行寺口,10,１Ｋ,20,,,,平成4年,ＳＲＣ,住宅,,,,,近隣商業地域,80.0,300.0,2008年第1四半期,改装済,,5.633468455579586
39012308,中古マンション等,,39201,高知県,高知市,南ノ丸町,高知,30分?60分,２ＤＫ,40,,,,昭和49年,ＳＲＣ,住宅,住宅,,,,工業地域,60.0,200.0,2014年第3四半期,未改装,,6.342422680822207
39002515,中古マンション等,,39201,高知県,高知市,縄手町,旭(高知),8,３ＬＤＫ,85,,,,,,,住宅,,,,第１種中高層住居専用地域,60.0,200.0,2018年第1四半期,未改装,,7.301029995663981
39025523,中古マンション等,,39201,高知県,高知市,鴨部,,,３ＬＤＫ,70,,,,,ＲＣ,住宅,,,,,,,,2009年第3四半期,未改装,調停・競売等,6.724275869600789
39025404,中古マンション等,,39201,高知県,高知市,一宮東町,土佐一宮,16,３ＬＤＫ,70,,,,昭和61年,ＲＣ,住宅,,,,,準工業地域,60.0,200.0,2009年第3四半期,未改装,,6.903089986991944
39013496,中古マンション等,,39201,高知県,高知市,針木東町,朝倉(ＪＲ),30分?60分,３ＬＤＫ,80,,,,,ＳＲＣ,住宅,,,,,,,,2010年第3四半期,未改装,,7.146128035678238
39017403,中古マンション等,,39201,高知県,高知市,潮新町,高知,24,３ＬＤＫ,70,,,,平成14年,ＳＲＣ,住宅,,,,,商業地域,80.0,400.0,2015年第1四半期,,,7.176091259055681
39003251,中古マンション等,,39201,高知県,高知市,比島町,高知,14,４ＬＤＫ,80,,,,平成5年,ＳＲＣ,住宅,住宅,,,,第１種住居地域,60.0,200.0,2017年第1四半期,未改装,,7.146128035678238
39018300,中古マンション等,,39201,高知県,高知市,比島町,高知,15,３ＬＤＫ,65,,,,平成5年,ＳＲＣ,住宅,住宅,,,,第１種住居地域,60.0,200.0,2015年第1四半期,未改装,,6.977723605288848
39001290,中古マンション等,,39201,高知県,高知市,北本町,高知,6,,85,,,,平成20年,ＲＣ,住宅,住宅,,,,近隣商業地域,80.0,300.0,2016年第4四半期,未改装,,7.361727836017593
39025381,中古マンション等,,39201,高知県,高知市,愛宕山,高知,15,３ＬＤＫ,75,,,,平成20年,ＲＣ,住宅,,,,,第１種中高層住居専用地域,60.0,200.0,2009年第3四半期,未改装,,7.2552725051033065
39000800,中古マンション等,,39201,高知県,高知市,大谷公園町,朝倉(ＪＲ),30分?60分,３ＬＤＫ,70,,,,,ＲＣ,住宅,その他,,,,第１種中高層住居専用地域,60.0,200.0,2016年第2四半期,未改装,,6.977723605288848
39011974,中古マンション等,,39201,高知県,高知市,桜馬場,円行寺口,9,３Ｋ,40,,,,平成4年,ＳＲＣ,住宅,住宅,,,,近隣商業地域,80.0,300.0,2014年第3四半期,未改装,,6.886490725172482
39025517,中古マンション等,,39201,高知県,高知市,鴨部,旭(高知),21,４ＬＤＫ,70,,,,平成6年,ＲＣ,住宅,,,,,準工業地域,60.0,200.0,2009年第3四半期,未改装,調停・競売等,6.799340549453582
39028335,中古マンション等,,39201,高知県,高知市,針木東町,朝倉(ＪＲ),30分?60分,３ＬＤＫ,80,,,,平成15年,ＳＲＣ,住宅,,,,,準工業地域,60.0,200.0,2007年第2四半期,未改装,,7.301029995663981
39012303,中古マンション等,,39201,高知県,高知市,南御座,高知,25,４ＬＤＫ,90,,,,平成14年,ＲＣ,住宅,住宅,,,,準工業地域,60.0,200.0,2014年第1四半期,未改装,,7.2552725051033065
39028464,中古マンション等,,39201,高知県,高知市,比島町,高知,12,３ＬＤＫ,80,,,,平成5年,ＳＲＣ,住宅,,,,,第１種住居地域,60.0,200.0,2008年第3四半期,未改装,,7.146128035678238
39001105,中古マンション等,,39201,高知県,高知市,上町,円行寺口,18,１ＤＫ,25,,,,平成3年,ＲＣ,住宅,住宅,,,,第１種住居地域,60.0,200.0,2019年第1四半期,未改装,,6.633468455579586
39013072,中古マンション等,,39201,高知県,高知市,桟橋通,高知,24,３ＬＤＫ,85,,,,平成20年,ＲＣ,住宅,,,,,商業地域,80.0,400.0,2010年第1四半期,未改装,,7.361727836017593
39023193,中古マンション等,,39201,高知県,高知市,桟橋通,高知,25,４ＬＤＫ,80,,,,,ＳＲＣ,住宅,,,,,商業地域,80.0,400.0,2013年第4四半期,未改装,,6.929418925714293
39028326,中古マンション等,,39201,高知県,高知市,針木東町,朝倉(ＪＲ),30分?60分,３ＬＤＫ,80,,,,平成15年,ＳＲＣ,住宅,,,,,準工業地域,60.0,200.0,2008年第1四半期,未改装,,7.2552725051033065
39001729,中古マンション等,,39201,高知県,高知市,桟橋通,高知,22,４ＬＤＫ,80,,,,昭和59年,ＳＲＣ,住宅,住宅,,,,商業地域,80.0,400.0,2016年第1四半期,未改装,,6.892094602690481
39001277,中古マンション等,,39201,高知県,高知市,北本町,高知,8,４ＬＤＫ,100,,,,平成20年,ＲＣ,住宅,住宅,,,,近隣商業地域,80.0,300.0,2018年第3四半期,未改装,,7.4623979978989565
39001726,中古マンション等,,39201,高知県,高知市,桟橋通,高知,30分?60分,４ＬＤＫ,75,,,,平成13年,ＳＲＣ,住宅,住宅,,,,商業地域,80.0,400.0,2016年第3四半期,未改装,,7.041392685158225
39019985,中古マンション等,,39201,高知県,高知市,桟橋通,高知,30分?60分,３ＬＤＫ,65,,,,平成13年,ＳＲＣ,住宅,,,,,商業地域,80.0,400.0,2012年第1四半期,未改装,,6.913813852383717
39017276,中古マンション等,,39201,高知県,高知市,薊野西町,薊野,5,４ＬＤＫ,95,,,,平成17年,ＳＲＣ,住宅,住宅,,,,第２種住居地域,60.0,200.0,2015年第1四半期,未改装,,7.278753600952829
39019531,中古マンション等,,39201,高知県,高知市,一宮東町,土佐一宮,16,３ＬＤＫ,75,,,,昭和61年,ＲＣ,住宅,,,,,準工業地域,60.0,200.0,2012年第1四半期,未改装,,6.799340549453582
39015067,中古マンション等,,39201,高知県,高知市,永国寺町,高知,12,,60,,,,平成16年,ＲＣ,住宅,,,,,第１種住居地域,60.0,200.0,2011年第3四半期,未改装,,7.146128035678238
39000308,中古マンション等,,39201,高知県,高知市,薊野西町,薊野,5,２ＤＫ,65,,,,平成17年,ＳＲＣ,住宅,住宅,,,,第２種住居地域,60.0,200.0,2020年第3四半期,未改装,,7.204119982655925
39025906,中古マンション等,,39201,高知県,高知市,比島町,高知,13,４ＬＤＫ,110,,,,平成5年,ＳＲＣ,住宅,,,,,第１種住居地域,60.0,200.0,2009年第3四半期,未改装,,7.301029995663981
39013201,中古マンション等,,39201,高知県,高知市,高須,高知,30分?60分,４ＬＤＫ,95,,,,平成16年,ＳＲＣ,住宅,,,,,準工業地域,60.0,200.0,2010年第4四半期,未改装,,7.3222192947339195
39017576,中古マンション等,,39201,高知県,高知市,鴨部,旭(高知),19,４ＬＤＫ,70,,,,平成6年,ＲＣ,住宅,住宅,,,,第１種中高層住居専用地域,60.0,200.0,2015年第3四半期,未改装,,7.041392685158225
39023434,中古マンション等,,39201,高知県,高知市,比島町,高知,15,３ＬＤＫ,55,,,,平成5年,ＳＲＣ,住宅,,,,,第１種住居地域,60.0,200.0,2013年第1四半期,改装済,,6.954242509439325
39013070,中古マンション等,,39201,高知県,高知市,桟橋通,高知,25,３ＬＤＫ,90,,,,,ＲＣ,住宅,,,,,商業地域,80.0,400.0,2010年第2四半期,未改装,,7.414973347970818
39003253,中古マンション等,,39201,高知県,高知市,比島町,高知,15,３ＬＤＫ,70,,,,平成5年,ＳＲＣ,住宅,住宅,,,,第１種住居地域,60.0,200.0,2016年第3四半期,未改装,,7.113943352306837
39001145,中古マンション等,,39201,高知県,高知市,鴨部,旭(高知),15,,70,,,,,ＳＲＣ,,住宅,,,,第１種住居地域,60.0,200.0,2020年第3四半期,改装済,,6.954242509439325
39012272,中古マンション等,,39201,高知県,高知市,二葉町,高知,28,３ＬＤＫ,70,,,,昭和49年,ＳＲＣ,住宅,住宅,,,,準工業地域,60.0,200.0,2014年第4四半期,,,6.763427993562937
